esc_id,alert_id,entity_id,actor,opened_at,closed_at,outcome
DEMO-BANK-01-A000001-E,DEMO-BANK-01-A000001,DEMO-BANK-01,an-1,2026-08-21T13:40:42.723935,2026-08-21T19:40:42.723935,genuine
DEMO-BANK-01-A000017-E,DEMO-BANK-01-A000017,DEMO-BANK-01,an-4,2026-08-16T07:42:18.172061,2026-08-17T01:42:18.172061,genuine
DEMO-BANK-01-A000020-E,DEMO-BANK-01-A000020,DEMO-BANK-01,an-6,2026-08-30T15:53:15.724708,2026-08-31T21:53:15.724708,genuine
DEMO-BANK-01-A000023-E,DEMO-BANK-01-A000023,DEMO-BANK-01,an-6,2026-09-22T22:48:02.167595,2026-09-24T03:48:02.167595,genuine
DEMO-BANK-01-A000031-E,DEMO-BANK-01-A000031,DEMO-BANK-01,an-3,2026-09-26T01:06:55.075039,2026-09-27T22:06:55.075039,genuine
DEMO-BANK-01-A000032-E,DEMO-BANK-01-A000032,DEMO-BANK-01,an-1,2026-08-12T10:12:48.654257,2026-08-13T22:12:48.654257,genuine
DEMO-BANK-01-A000060-E,DEMO-BANK-01-A000060,DEMO-BANK-01,an-6,2026-09-19T07:04:51.029533,2026-09-20T17:04:51.029533,genuine
DEMO-BANK-01-A000065-E,DEMO-BANK-01-A000065,DEMO-BANK-01,an-2,2026-08-12T15:28:18.065502,2026-08-13T20:28:18.065502,genuine
DEMO-BANK-01-A000073-E,DEMO-BANK-01-A000073,DEMO-BANK-01,an-4,2026-08-06T14:43:28.516822,2026-08-06T19:43:28.516822,genuine
DEMO-BANK-01-A000075-E,DEMO-BANK-01-A000075,DEMO-BANK-01,an-3,2026-08-17T01:27:47.326265,2026-08-17T11:27:47.326265,genuine
DEMO-BANK-01-A000078-E,DEMO-BANK-01-A000078,DEMO-BANK-01,an-6,2026-08-30T02:30:59.048022,2026-08-30T19:30:59.048022,genuine
DEMO-BANK-01-A000088-E,DEMO-BANK-01-A000088,DEMO-BANK-01,an-4,2026-08-02T08:25:44.553342,2026-08-03T07:25:44.553342,genuine
DEMO-BANK-01-A000104-E,DEMO-BANK-01-A000104,DEMO-BANK-01,an-5,2026-09-28T10:54:25.596526,2026-09-30T02:54:25.596526,genuine
DEMO-BANK-01-A000105-E,DEMO-BANK-01-A000105,DEMO-BANK-01,an-1,2026-09-06T22:57:49.783338,2026-09-07T07:57:49.783338,genuine
DEMO-BANK-01-A000110-E,DEMO-BANK-01-A000110,DEMO-BANK-01,an-3,2026-08-03T17:14:40.124906,2026-08-05T01:14:40.124906,genuine
DEMO-BANK-01-A000113-E,DEMO-BANK-01-A000113,DEMO-BANK-01,an-2,2026-09-16T09:16:21.000563,2026-09-17T15:16:21.000563,genuine
DEMO-BANK-01-A000117-E,DEMO-BANK-01-A000117,DEMO-BANK-01,an-3,2026-08-24T10:48:05.206813,2026-08-25T12:48:05.206813,genuine
DEMO-BANK-01-A000156-E,DEMO-BANK-01-A000156,DEMO-BANK-01,an-6,2026-08-23T19:58:54.494309,2026-08-25T14:58:54.494309,genuine
DEMO-BANK-01-A000158-E,DEMO-BANK-01-A000158,DEMO-BANK-01,an-6,2026-09-05T17:43:35.720628,2026-09-06T06:43:35.720628,genuine
DEMO-BANK-01-A000162-E,DEMO-BANK-01-A000162,DEMO-BANK-01,an-4,2026-08-09T19:48:53.722022,2026-08-11T08:48:53.722022,genuine
DEMO-BANK-01-A000183-E,DEMO-BANK-01-A000183,DEMO-BANK-01,an-3,2026-09-08T05:42:34.108796,2026-09-08T10:42:34.108796,genuine
DEMO-BANK-01-A000184-E,DEMO-BANK-01-A000184,DEMO-BANK-01,an-3,2026-09-09T04:08:51.985996,2026-09-09T17:08:51.985996,genuine
DEMO-BANK-01-A000194-E,DEMO-BANK-01-A000194,DEMO-BANK-01,an-4,2026-08-07T12:01:07.015623,2026-08-07T13:01:07.015623,genuine
DEMO-BANK-01-A000206-E,DEMO-BANK-01-A000206,DEMO-BANK-01,an-1,2026-09-18T16:13:26.849881,2026-09-20T04:13:26.849881,genuine
DEMO-BANK-01-A000224-E,DEMO-BANK-01-A000224,DEMO-BANK-01,an-4,2026-08-09T10:43:48.426649,2026-08-11T02:43:48.426649,genuine
DEMO-BANK-01-A000228-E,DEMO-BANK-01-A000228,DEMO-BANK-01,an-5,2026-08-24T08:13:08.618034,2026-08-26T03:13:08.618034,genuine
DEMO-BANK-01-A000232-E,DEMO-BANK-01-A000232,DEMO-BANK-01,an-2,2026-09-03T02:14:01.677063,2026-09-03T18:14:01.677063,genuine
DEMO-BANK-01-A000263-E,DEMO-BANK-01-A000263,DEMO-BANK-01,an-3,2026-09-05T06:15:03.768293,2026-09-06T17:15:03.768293,genuine
DEMO-BANK-01-A000286-E,DEMO-BANK-01-A000286,DEMO-BANK-01,an-2,2026-08-06T07:38:50.819837,2026-08-06T21:38:50.819837,genuine
DEMO-BANK-01-A000288-E,DEMO-BANK-01-A000288,DEMO-BANK-01,an-5,2026-09-22T11:12:37.734007,2026-09-22T15:12:37.734007,genuine
DEMO-BANK-01-A000297-E,DEMO-BANK-01-A000297,DEMO-BANK-01,an-3,2026-09-22T19:34:59.451188,2026-09-24T01:34:59.451188,genuine
DEMO-BANK-01-A000317-E,DEMO-BANK-01-A000317,DEMO-BANK-01,an-6,2026-08-27T00:07:57.817716,2026-08-28T11:07:57.817716,genuine
DEMO-BANK-01-A000324-E,DEMO-BANK-01-A000324,DEMO-BANK-01,an-2,2026-09-17T17:11:27.498003,2026-09-18T15:11:27.498003,genuine
DEMO-BANK-01-A000343-E,DEMO-BANK-01-A000343,DEMO-BANK-01,an-2,2026-08-14T00:16:17.510516,2026-08-14T07:16:17.510516,genuine
DEMO-BANK-01-A000355-E,DEMO-BANK-01-A000355,DEMO-BANK-01,an-6,2026-08-02T23:49:18.417582,2026-08-03T04:49:18.417582,genuine
DEMO-BANK-01-A000383-E,DEMO-BANK-01-A000383,DEMO-BANK-01,an-5,2026-09-07T00:49:30.333536,2026-09-07T12:49:30.333536,genuine
DEMO-BANK-01-A000390-E,DEMO-BANK-01-A000390,DEMO-BANK-01,an-1,2026-08-13T04:31:34.116935,2026-08-14T19:31:34.116935,genuine
DEMO-BANK-01-A000457-E,DEMO-BANK-01-A000457,DEMO-BANK-01,an-1,2026-08-31T14:00:41.179498,2026-09-01T16:00:41.179498,genuine
DEMO-BANK-01-A000461-E,DEMO-BANK-01-A000461,DEMO-BANK-01,an-1,2026-08-12T21:07:18.267497,2026-08-14T17:07:18.267497,genuine
DEMO-BANK-01-A000466-E,DEMO-BANK-01-A000466,DEMO-BANK-01,an-3,2026-08-24T00:18:17.512354,2026-08-24T19:18:17.512354,genuine
DEMO-BANK-01-A000476-E,DEMO-BANK-01-A000476,DEMO-BANK-01,an-4,2026-09-27T09:22:29.177514,2026-09-28T21:22:29.177514,genuine
DEMO-BANK-01-A000479-E,DEMO-BANK-01-A000479,DEMO-BANK-01,an-1,2026-07-31T10:57:15.457599,2026-08-01T19:57:15.457599,genuine
DEMO-BANK-01-A000481-E,DEMO-BANK-01-A000481,DEMO-BANK-01,an-3,2026-09-16T14:10:08.925471,2026-09-16T15:10:08.925471,genuine
DEMO-BANK-01-A000505-E,DEMO-BANK-01-A000505,DEMO-BANK-01,an-6,2026-08-11T03:17:10.789753,2026-08-12T08:17:10.789753,genuine
DEMO-BANK-01-A000511-E,DEMO-BANK-01-A000511,DEMO-BANK-01,an-4,2026-08-03T23:10:12.009917,2026-08-05T00:10:12.009917,genuine
DEMO-BANK-01-A000525-E,DEMO-BANK-01-A000525,DEMO-BANK-01,an-2,2026-09-10T09:19:05.038770,2026-09-12T07:19:05.038770,genuine
DEMO-BANK-01-A000529-E,DEMO-BANK-01-A000529,DEMO-BANK-01,an-1,2026-08-22T00:59:13.076590,2026-08-23T07:59:13.076590,genuine
DEMO-BANK-01-A000536-E,DEMO-BANK-01-A000536,DEMO-BANK-01,an-6,2026-08-02T12:07:32.780934,2026-08-03T09:07:32.780934,genuine
DEMO-BANK-01-A000541-E,DEMO-BANK-01-A000541,DEMO-BANK-01,an-2,2026-09-19T01:07:16.054769,2026-09-19T13:07:16.054769,genuine
DEMO-BANK-01-A000548-E,DEMO-BANK-01-A000548,DEMO-BANK-01,an-4,2026-08-08T00:09:12.132563,2026-08-09T01:09:12.132563,genuine
DEMO-BANK-01-A000551-E,DEMO-BANK-01-A000551,DEMO-BANK-01,an-1,2026-09-01T06:12:09.969226,2026-09-02T07:12:09.969226,genuine
DEMO-BANK-01-A000576-E,DEMO-BANK-01-A000576,DEMO-BANK-01,an-5,2026-09-09T07:25:02.066352,2026-09-09T09:25:02.066352,genuine
DEMO-BANK-01-A000581-E,DEMO-BANK-01-A000581,DEMO-BANK-01,an-5,2026-08-14T18:53:19.450620,2026-08-15T16:53:19.450620,genuine
DEMO-BANK-01-A000591-E,DEMO-BANK-01-A000591,DEMO-BANK-01,an-6,2026-09-02T06:21:06.144613,2026-09-02T15:21:06.144613,genuine
DEMO-BANK-01-A000604-E,DEMO-BANK-01-A000604,DEMO-BANK-01,an-3,2026-09-17T16:34:12.717202,2026-09-18T04:34:12.717202,genuine
DEMO-BANK-01-A000609-E,DEMO-BANK-01-A000609,DEMO-BANK-01,an-1,2026-09-09T17:12:31.137540,2026-09-11T03:12:31.137540,genuine
DEMO-BANK-01-A000626-E,DEMO-BANK-01-A000626,DEMO-BANK-01,an-2,2026-09-24T06:45:27.580098,2026-09-24T21:45:27.580098,genuine
DEMO-BANK-01-A000649-E,DEMO-BANK-01-A000649,DEMO-BANK-01,an-6,2026-08-29T08:59:54.024208,2026-08-29T18:59:54.024208,genuine
DEMO-BANK-01-A000658-E,DEMO-BANK-01-A000658,DEMO-BANK-01,an-4,2026-09-07T12:08:34.768311,2026-09-08T20:08:34.768311,genuine
DEMO-BANK-01-A000661-E,DEMO-BANK-01-A000661,DEMO-BANK-01,an-4,2026-09-24T01:58:47.064758,2026-09-25T17:58:47.064758,genuine
DEMO-BANK-01-A000699-E,DEMO-BANK-01-A000699,DEMO-BANK-01,an-3,2026-08-23T13:54:31.878979,2026-08-25T03:54:31.878979,genuine
DEMO-BANK-01-A000711-E,DEMO-BANK-01-A000711,DEMO-BANK-01,an-5,2026-08-05T21:12:22.477257,2026-08-07T01:12:22.477257,genuine
DEMO-BANK-01-A000714-E,DEMO-BANK-01-A000714,DEMO-BANK-01,an-2,2026-09-23T12:46:26.717341,2026-09-24T12:46:26.717341,genuine
DEMO-BANK-01-A000722-E,DEMO-BANK-01-A000722,DEMO-BANK-01,an-3,2026-09-17T13:15:09.805856,2026-09-18T20:15:09.805856,genuine
DEMO-BANK-01-A000723-E,DEMO-BANK-01-A000723,DEMO-BANK-01,an-1,2026-09-23T20:25:58.060087,2026-09-24T13:25:58.060087,genuine
DEMO-BANK-01-A000730-E,DEMO-BANK-01-A000730,DEMO-BANK-01,an-3,2026-09-04T19:45:58.376093,2026-09-06T06:45:58.376093,genuine
DEMO-BANK-01-A000743-E,DEMO-BANK-01-A000743,DEMO-BANK-01,an-4,2026-09-14T13:48:54.496135,2026-09-15T13:48:54.496135,genuine
DEMO-BANK-01-A000744-E,DEMO-BANK-01-A000744,DEMO-BANK-01,an-1,2026-08-14T05:30:21.572147,2026-08-15T22:30:21.572147,genuine
DEMO-BANK-01-A000757-E,DEMO-BANK-01-A000757,DEMO-BANK-01,an-3,2026-09-10T11:02:18.454077,2026-09-11T23:02:18.454077,genuine
DEMO-BANK-01-A000769-E,DEMO-BANK-01-A000769,DEMO-BANK-01,an-4,2026-08-06T03:11:59.925856,2026-08-07T13:11:59.925856,genuine
DEMO-BANK-01-A000773-E,DEMO-BANK-01-A000773,DEMO-BANK-01,an-4,2026-09-02T12:35:51.848132,2026-09-03T18:35:51.848132,genuine
DEMO-BANK-01-A000823-E,DEMO-BANK-01-A000823,DEMO-BANK-01,an-3,2026-09-17T04:27:24.741334,2026-09-18T23:27:24.741334,genuine
DEMO-BANK-01-A000828-E,DEMO-BANK-01-A000828,DEMO-BANK-01,an-1,2026-09-09T11:32:30.045394,2026-09-09T20:32:30.045394,genuine
DEMO-BANK-01-A000831-E,DEMO-BANK-01-A000831,DEMO-BANK-01,an-6,2026-08-21T17:50:45.370615,2026-08-21T22:50:45.370615,genuine
DEMO-BANK-01-A000842-E,DEMO-BANK-01-A000842,DEMO-BANK-01,an-6,2026-08-06T03:27:41.743353,2026-08-06T07:27:41.743353,genuine
DEMO-BANK-01-A000859-E,DEMO-BANK-01-A000859,DEMO-BANK-01,an-4,2026-08-26T07:30:10.944411,2026-08-27T02:30:10.944411,genuine
DEMO-BANK-01-A000864-E,DEMO-BANK-01-A000864,DEMO-BANK-01,an-2,2026-09-18T16:01:22.738952,2026-09-20T10:01:22.738952,genuine
DEMO-BANK-01-A000870-E,DEMO-BANK-01-A000870,DEMO-BANK-01,an-1,2026-09-13T14:17:11.668035,2026-09-14T11:17:11.668035,genuine
DEMO-BANK-01-A000873-E,DEMO-BANK-01-A000873,DEMO-BANK-01,an-5,2026-08-04T08:06:34.194853,2026-08-04T15:06:34.194853,genuine
DEMO-BANK-01-A000874-E,DEMO-BANK-01-A000874,DEMO-BANK-01,an-2,2026-09-13T12:25:19.678620,2026-09-15T11:25:19.678620,genuine
DEMO-BANK-01-A000884-E,DEMO-BANK-01-A000884,DEMO-BANK-01,an-4,2026-08-29T06:51:13.350654,2026-08-30T06:51:13.350654,genuine
DEMO-BANK-01-A000900-E,DEMO-BANK-01-A000900,DEMO-BANK-01,an-2,2026-09-04T13:00:25.983969,2026-09-06T03:00:25.983969,genuine
DEMO-BANK-01-A000902-E,DEMO-BANK-01-A000902,DEMO-BANK-01,an-6,2026-09-25T21:16:44.235241,2026-09-27T20:16:44.235241,genuine
DEMO-BANK-01-A000912-E,DEMO-BANK-01-A000912,DEMO-BANK-01,an-4,2026-09-26T10:53:48.715099,2026-09-26T13:53:48.715099,genuine
DEMO-BANK-01-A000917-E,DEMO-BANK-01-A000917,DEMO-BANK-01,an-1,2026-09-01T14:02:50.157329,2026-09-02T23:02:50.157329,genuine
DEMO-BANK-01-A000926-E,DEMO-BANK-01-A000926,DEMO-BANK-01,an-5,2026-08-02T19:25:57.161128,2026-08-03T22:25:57.161128,genuine
DEMO-BANK-01-A000932-E,DEMO-BANK-01-A000932,DEMO-BANK-01,an-6,2026-09-10T18:19:38.681628,2026-09-12T13:19:38.681628,genuine
DEMO-BANK-01-A000942-E,DEMO-BANK-01-A000942,DEMO-BANK-01,an-4,2026-08-31T06:08:23.202782,2026-08-31T21:08:23.202782,genuine
DEMO-BANK-01-A000960-E,DEMO-BANK-01-A000960,DEMO-BANK-01,an-1,2026-08-06T23:43:11.008725,2026-08-08T03:43:11.008725,genuine
DEMO-BANK-01-A000967-E,DEMO-BANK-01-A000967,DEMO-BANK-01,an-6,2026-08-31T07:23:38.167444,2026-08-31T08:23:38.167444,genuine
DEMO-BANK-01-A000978-E,DEMO-BANK-01-A000978,DEMO-BANK-01,an-6,2026-09-03T22:48:53.783034,2026-09-04T18:48:53.783034,genuine
DEMO-BANK-01-A000991-E,DEMO-BANK-01-A000991,DEMO-BANK-01,an-5,2026-09-27T08:32:44.381626,2026-09-27T13:32:44.381626,genuine
DEMO-BANK-01-A000998-E,DEMO-BANK-01-A000998,DEMO-BANK-01,an-3,2026-08-23T04:40:58.901918,2026-08-25T02:40:58.901918,genuine
DEMO-BANK-01-A001007-E,DEMO-BANK-01-A001007,DEMO-BANK-01,an-2,2026-08-15T11:31:11.500327,2026-08-16T20:31:11.500327,genuine
DEMO-BANK-01-A001014-E,DEMO-BANK-01-A001014,DEMO-BANK-01,an-2,2026-09-12T19:01:23.566868,2026-09-14T13:01:23.566868,genuine
DEMO-BANK-01-A001018-E,DEMO-BANK-01-A001018,DEMO-BANK-01,an-2,2026-09-29T08:13:20.462198,2026-09-30T11:13:20.462198,genuine
DEMO-BANK-01-A001022-E,DEMO-BANK-01-A001022,DEMO-BANK-01,an-3,2026-09-17T09:59:48.199977,2026-09-19T00:59:48.199977,genuine
DEMO-BANK-01-A001029-E,DEMO-BANK-01-A001029,DEMO-BANK-01,an-4,2026-09-06T12:39:01.398291,2026-09-08T08:39:01.398291,genuine
DEMO-BANK-01-A001030-E,DEMO-BANK-01-A001030,DEMO-BANK-01,an-3,2026-08-27T03:17:53.492203,2026-08-27T04:17:53.492203,genuine
DEMO-BANK-01-A001032-E,DEMO-BANK-01-A001032,DEMO-BANK-01,an-1,2026-09-07T19:21:21.602843,2026-09-08T23:21:21.602843,genuine
DEMO-BANK-01-A001037-E,DEMO-BANK-01-A001037,DEMO-BANK-01,an-6,2026-08-10T09:45:22.100901,2026-08-10T15:45:22.100901,genuine
DEMO-BANK-01-A001044-E,DEMO-BANK-01-A001044,DEMO-BANK-01,an-1,2026-09-07T08:31:03.883150,2026-09-08T00:31:03.883150,genuine
DEMO-BANK-01-A001047-E,DEMO-BANK-01-A001047,DEMO-BANK-01,an-3,2026-08-31T23:35:07.616452,2026-09-02T07:35:07.616452,genuine
DEMO-BANK-01-A001053-E,DEMO-BANK-01-A001053,DEMO-BANK-01,an-5,2026-08-02T05:19:38.407575,2026-08-02T20:19:38.407575,genuine
DEMO-BANK-01-A001058-E,DEMO-BANK-01-A001058,DEMO-BANK-01,an-4,2026-08-17T15:53:33.551924,2026-08-18T04:53:33.551924,genuine
DEMO-BANK-01-A001067-E,DEMO-BANK-01-A001067,DEMO-BANK-01,an-4,2026-08-25T23:02:17.482260,2026-08-27T04:02:17.482260,genuine
DEMO-BANK-01-A001083-E,DEMO-BANK-01-A001083,DEMO-BANK-01,an-3,2026-09-16T06:45:08.605680,2026-09-16T13:45:08.605680,genuine
DEMO-BANK-01-A001088-E,DEMO-BANK-01-A001088,DEMO-BANK-01,an-2,2026-09-09T15:44:58.510781,2026-09-11T11:44:58.510781,genuine
DEMO-BANK-01-A001094-E,DEMO-BANK-01-A001094,DEMO-BANK-01,an-6,2026-08-07T09:31:08.679054,2026-08-09T04:31:08.679054,genuine
DEMO-BANK-01-A001096-E,DEMO-BANK-01-A001096,DEMO-BANK-01,an-6,2026-08-21T22:02:19.317624,2026-08-23T01:02:19.317624,genuine
DEMO-BANK-01-A001125-E,DEMO-BANK-01-A001125,DEMO-BANK-01,an-1,2026-09-09T02:55:11.614758,2026-09-10T20:55:11.614758,genuine
DEMO-BANK-01-A001136-E,DEMO-BANK-01-A001136,DEMO-BANK-01,an-5,2026-09-07T16:10:31.791129,2026-09-08T05:10:31.791129,genuine
DEMO-BANK-01-A001137-E,DEMO-BANK-01-A001137,DEMO-BANK-01,an-2,2026-08-07T10:45:48.144598,2026-08-08T12:45:48.144598,genuine
DEMO-BANK-01-A001145-E,DEMO-BANK-01-A001145,DEMO-BANK-01,an-6,2026-09-02T19:55:47.895256,2026-09-03T23:55:47.895256,genuine
DEMO-BANK-01-A001148-E,DEMO-BANK-01-A001148,DEMO-BANK-01,an-2,2026-08-08T00:33:58.279956,2026-08-08T15:33:58.279956,genuine
DEMO-BANK-01-A001165-E,DEMO-BANK-01-A001165,DEMO-BANK-01,an-2,2026-08-11T18:09:08.403956,2026-08-12T23:09:08.403956,genuine
DEMO-BANK-01-A001206-E,DEMO-BANK-01-A001206,DEMO-BANK-01,an-3,2026-08-06T12:32:10.761138,2026-08-07T13:32:10.761138,genuine
DEMO-BANK-01-A001218-E,DEMO-BANK-01-A001218,DEMO-BANK-01,an-4,2026-09-25T14:37:33.090197,2026-09-26T03:37:33.090197,genuine
DEMO-BANK-01-A001241-E,DEMO-BANK-01-A001241,DEMO-BANK-01,an-1,2026-08-17T02:31:33.594862,2026-08-18T13:31:33.594862,genuine
DEMO-BANK-01-A001251-E,DEMO-BANK-01-A001251,DEMO-BANK-01,an-2,2026-08-18T07:28:02.181944,2026-08-20T01:28:02.181944,genuine
DEMO-BANK-01-A001263-E,DEMO-BANK-01-A001263,DEMO-BANK-01,an-2,2026-08-17T00:37:02.951869,2026-08-17T18:37:02.951869,genuine
DEMO-BANK-01-A001265-E,DEMO-BANK-01-A001265,DEMO-BANK-01,an-4,2026-08-20T08:24:23.823246,2026-08-21T13:24:23.823246,genuine
DEMO-BANK-01-A001279-E,DEMO-BANK-01-A001279,DEMO-BANK-01,an-4,2026-08-11T06:38:23.757397,2026-08-12T17:38:23.757397,genuine
DEMO-BANK-01-A001284-E,DEMO-BANK-01-A001284,DEMO-BANK-01,an-3,2026-08-10T00:48:16.087600,2026-08-11T01:48:16.087600,genuine
DEMO-BANK-01-A001285-E,DEMO-BANK-01-A001285,DEMO-BANK-01,an-5,2026-08-14T13:54:38.976231,2026-08-15T17:54:38.976231,genuine
DEMO-BANK-01-A001286-E,DEMO-BANK-01-A001286,DEMO-BANK-01,an-5,2026-09-27T05:24:03.144956,2026-09-28T12:24:03.144956,genuine
DEMO-BANK-01-A001293-E,DEMO-BANK-01-A001293,DEMO-BANK-01,an-1,2026-08-02T01:59:56.521442,2026-08-02T18:59:56.521442,genuine
DEMO-BANK-01-A001316-E,DEMO-BANK-01-A001316,DEMO-BANK-01,an-4,2026-08-02T15:04:33.557012,2026-08-03T01:04:33.557012,genuine
DEMO-BANK-01-A001329-E,DEMO-BANK-01-A001329,DEMO-BANK-01,an-5,2026-08-14T07:21:50.511706,2026-08-15T12:21:50.511706,genuine
DEMO-BANK-01-A001330-E,DEMO-BANK-01-A001330,DEMO-BANK-01,an-2,2026-08-28T06:32:55.066594,2026-08-30T06:32:55.066594,genuine
DEMO-BANK-01-A001334-E,DEMO-BANK-01-A001334,DEMO-BANK-01,an-2,2026-08-02T08:56:34.459758,2026-08-03T03:56:34.459758,genuine
DEMO-BANK-01-A001347-E,DEMO-BANK-01-A001347,DEMO-BANK-01,an-5,2026-09-20T00:10:24.433857,2026-09-20T10:10:24.433857,genuine
DEMO-BANK-01-A001350-E,DEMO-BANK-01-A001350,DEMO-BANK-01,an-1,2026-09-20T02:13:50.576678,2026-09-21T16:13:50.576678,genuine
DEMO-BANK-01-A001377-E,DEMO-BANK-01-A001377,DEMO-BANK-01,an-5,2026-09-22T20:28:03.762221,2026-09-22T23:28:03.762221,genuine
DEMO-BANK-01-A001394-E,DEMO-BANK-01-A001394,DEMO-BANK-01,an-5,2026-08-29T04:29:27.234691,2026-08-30T02:29:27.234691,genuine
DEMO-BANK-01-A001399-E,DEMO-BANK-01-A001399,DEMO-BANK-01,an-6,2026-09-20T00:02:47.078115,2026-09-21T13:02:47.078115,genuine
DEMO-BANK-01-A001402-E,DEMO-BANK-01-A001402,DEMO-BANK-01,an-5,2026-09-06T18:43:36.367835,2026-09-07T22:43:36.367835,genuine
DEMO-BANK-01-A001405-E,DEMO-BANK-01-A001405,DEMO-BANK-01,an-4,2026-09-18T20:35:48.671294,2026-09-19T15:35:48.671294,genuine
DEMO-BANK-01-A001426-E,DEMO-BANK-01-A001426,DEMO-BANK-01,an-4,2026-09-08T09:45:11.778113,2026-09-08T21:45:11.778113,genuine
DEMO-BANK-01-A001428-E,DEMO-BANK-01-A001428,DEMO-BANK-01,an-3,2026-09-04T14:13:11.442390,2026-09-05T10:13:11.442390,genuine
DEMO-BANK-01-A001438-E,DEMO-BANK-01-A001438,DEMO-BANK-01,an-4,2026-08-05T02:04:02.289164,2026-08-06T10:04:02.289164,genuine
DEMO-BANK-01-A001440-E,DEMO-BANK-01-A001440,DEMO-BANK-01,an-2,2026-08-23T08:25:17.772723,2026-08-25T08:25:17.772723,genuine
DEMO-BANK-01-A001444-E,DEMO-BANK-01-A001444,DEMO-BANK-01,an-3,2026-09-28T22:35:18.789573,2026-09-29T07:35:18.789573,genuine
DEMO-BANK-01-A001445-E,DEMO-BANK-01-A001445,DEMO-BANK-01,an-1,2026-08-22T20:19:47.677854,2026-08-22T22:19:47.677854,genuine
DEMO-BANK-01-A001448-E,DEMO-BANK-01-A001448,DEMO-BANK-01,an-5,2026-08-29T14:25:20.348365,2026-08-30T03:25:20.348365,genuine
DEMO-BANK-01-A001451-E,DEMO-BANK-01-A001451,DEMO-BANK-01,an-3,2026-08-24T17:05:57.391205,2026-08-26T08:05:57.391205,genuine
DEMO-BANK-01-A001485-E,DEMO-BANK-01-A001485,DEMO-BANK-01,an-4,2026-08-21T03:47:07.678536,2026-08-21T08:47:07.678536,genuine
DEMO-BANK-01-A001507-E,DEMO-BANK-01-A001507,DEMO-BANK-01,an-2,2026-08-12T19:21:10.163145,2026-08-14T03:21:10.163145,genuine
DEMO-BANK-01-A001510-E,DEMO-BANK-01-A001510,DEMO-BANK-01,an-6,2026-09-15T13:18:42.617196,2026-09-17T08:18:42.617196,genuine
DEMO-BANK-01-A001525-E,DEMO-BANK-01-A001525,DEMO-BANK-01,an-3,2026-08-08T16:30:42.592805,2026-08-10T08:30:42.592805,genuine
DEMO-BANK-01-A001543-E,DEMO-BANK-01-A001543,DEMO-BANK-01,an-1,2026-09-01T16:23:04.215633,2026-09-01T21:23:04.215633,genuine
DEMO-BANK-01-A001549-E,DEMO-BANK-01-A001549,DEMO-BANK-01,an-5,2026-08-20T03:27:47.715773,2026-08-21T02:27:47.715773,genuine
DEMO-BANK-01-A001575-E,DEMO-BANK-01-A001575,DEMO-BANK-01,an-3,2026-08-27T19:03:53.494159,2026-08-29T17:03:53.494159,genuine
DEMO-BANK-01-A001580-E,DEMO-BANK-01-A001580,DEMO-BANK-01,an-4,2026-09-23T11:06:22.338689,2026-09-25T04:06:22.338689,genuine
DEMO-BANK-01-A001597-E,DEMO-BANK-01-A001597,DEMO-BANK-01,an-1,2026-08-06T02:13:01.061764,2026-08-07T02:13:01.061764,genuine
DEMO-BANK-01-A001601-E,DEMO-BANK-01-A001601,DEMO-BANK-01,an-3,2026-09-24T09:59:41.758618,2026-09-25T10:59:41.758618,genuine
DEMO-BANK-01-A001615-E,DEMO-BANK-01-A001615,DEMO-BANK-01,an-3,2026-09-28T06:49:46.605468,2026-09-30T01:49:46.605468,genuine
DEMO-BANK-01-A001622-E,DEMO-BANK-01-A001622,DEMO-BANK-01,an-3,2026-09-09T15:24:25.023956,2026-09-09T17:24:25.023956,genuine
DEMO-BANK-01-A001632-E,DEMO-BANK-01-A001632,DEMO-BANK-01,an-2,2026-09-25T03:34:20.669695,2026-09-26T17:34:20.669695,genuine
DEMO-BANK-01-A001634-E,DEMO-BANK-01-A001634,DEMO-BANK-01,an-5,2026-09-16T06:56:45.100390,2026-09-17T18:56:45.100390,genuine
DEMO-BANK-01-A001657-E,DEMO-BANK-01-A001657,DEMO-BANK-01,an-4,2026-08-31T00:49:03.981579,2026-08-31T03:49:03.981579,genuine
DEMO-BANK-01-A001682-E,DEMO-BANK-01-A001682,DEMO-BANK-01,an-3,2026-09-18T09:35:49.447420,2026-09-18T10:35:49.447420,genuine
DEMO-BANK-01-A001688-E,DEMO-BANK-01-A001688,DEMO-BANK-01,an-1,2026-08-21T15:24:44.174575,2026-08-21T21:24:44.174575,genuine
DEMO-BANK-01-A001689-E,DEMO-BANK-01-A001689,DEMO-BANK-01,an-5,2026-09-08T15:43:14.056143,2026-09-09T21:43:14.056143,genuine
DEMO-BANK-01-A001694-E,DEMO-BANK-01-A001694,DEMO-BANK-01,an-1,2026-08-13T00:19:25.516516,2026-08-13T22:19:25.516516,genuine
DEMO-BANK-01-A001725-E,DEMO-BANK-01-A001725,DEMO-BANK-01,an-5,2026-09-14T04:37:01.488872,2026-09-15T13:37:01.488872,genuine
DEMO-BANK-01-A001737-E,DEMO-BANK-01-A001737,DEMO-BANK-01,an-4,2026-09-07T19:19:29.425099,2026-09-09T06:19:29.425099,genuine
DEMO-BANK-01-A001738-E,DEMO-BANK-01-A001738,DEMO-BANK-01,an-5,2026-09-12T12:23:00.630809,2026-09-14T01:23:00.630809,genuine
DEMO-BANK-01-A001771-E,DEMO-BANK-01-A001771,DEMO-BANK-01,an-6,2026-09-11T05:06:03.154225,2026-09-12T11:06:03.154225,genuine
DEMO-BANK-01-A001778-E,DEMO-BANK-01-A001778,DEMO-BANK-01,an-5,2026-08-25T02:56:27.405936,2026-08-26T17:56:27.405936,genuine
DEMO-BANK-01-A001788-E,DEMO-BANK-01-A001788,DEMO-BANK-01,an-5,2026-08-05T12:47:43.567100,2026-08-05T17:47:43.567100,genuine
DEMO-BANK-01-A001790-E,DEMO-BANK-01-A001790,DEMO-BANK-01,an-5,2026-08-07T04:59:50.630972,2026-08-07T22:59:50.630972,genuine
DEMO-BANK-01-A001814-E,DEMO-BANK-01-A001814,DEMO-BANK-01,an-4,2026-08-15T14:56:19.984586,2026-08-15T15:56:19.984586,genuine
DEMO-BANK-01-A001819-E,DEMO-BANK-01-A001819,DEMO-BANK-01,an-3,2026-09-23T11:27:31.561702,2026-09-24T18:27:31.561702,genuine
DEMO-BANK-01-A001831-E,DEMO-BANK-01-A001831,DEMO-BANK-01,an-4,2026-08-10T03:28:02.344099,2026-08-11T08:28:02.344099,genuine
DEMO-BANK-01-A001839-E,DEMO-BANK-01-A001839,DEMO-BANK-01,an-6,2026-09-16T22:35:00.763072,2026-09-17T09:35:00.763072,genuine
DEMO-BANK-01-A001863-E,DEMO-BANK-01-A001863,DEMO-BANK-01,an-1,2026-08-22T20:26:47.788065,2026-08-23T22:26:47.788065,genuine
DEMO-BANK-01-A001865-E,DEMO-BANK-01-A001865,DEMO-BANK-01,an-3,2026-08-27T16:35:14.972015,2026-08-28T13:35:14.972015,genuine
DEMO-BANK-01-A001874-E,DEMO-BANK-01-A001874,DEMO-BANK-01,an-2,2026-08-13T02:34:47.978651,2026-08-14T22:34:47.978651,genuine
DEMO-BANK-01-A001882-E,DEMO-BANK-01-A001882,DEMO-BANK-01,an-2,2026-09-27T19:27:46.297042,2026-09-29T07:27:46.297042,genuine
DEMO-BANK-01-A001884-E,DEMO-BANK-01-A001884,DEMO-BANK-01,an-2,2026-08-27T06:16:58.391602,2026-08-28T15:16:58.391602,genuine
DEMO-BANK-01-A001919-E,DEMO-BANK-01-A001919,DEMO-BANK-01,an-4,2026-09-22T15:42:56.551896,2026-09-22T18:42:56.551896,genuine
DEMO-BANK-01-A001926-E,DEMO-BANK-01-A001926,DEMO-BANK-01,an-5,2026-09-17T12:40:45.678596,2026-09-19T04:40:45.678596,genuine
DEMO-BANK-01-A001935-E,DEMO-BANK-01-A001935,DEMO-BANK-01,an-5,2026-09-27T20:41:31.052072,2026-09-28T17:41:31.052072,genuine
DEMO-BANK-01-A001944-E,DEMO-BANK-01-A001944,DEMO-BANK-01,an-4,2026-09-03T01:05:17.767660,2026-09-04T04:05:17.767660,genuine
DEMO-BANK-01-A001951-E,DEMO-BANK-01-A001951,DEMO-BANK-01,an-5,2026-08-24T04:55:45.690179,2026-08-25T14:55:45.690179,genuine
DEMO-BANK-01-A001959-E,DEMO-BANK-01-A001959,DEMO-BANK-01,an-5,2026-09-20T18:05:56.706577,2026-09-21T04:05:56.706577,genuine
DEMO-BANK-01-A001966-E,DEMO-BANK-01-A001966,DEMO-BANK-01,an-6,2026-08-20T12:28:18.594070,2026-08-21T00:28:18.594070,genuine
DEMO-BANK-01-A001972-E,DEMO-BANK-01-A001972,DEMO-BANK-01,an-2,2026-09-18T05:01:24.504296,2026-09-19T19:01:24.504296,genuine
DEMO-BANK-01-A001975-E,DEMO-BANK-01-A001975,DEMO-BANK-01,an-2,2026-09-10T06:16:00.651353,2026-09-11T00:16:00.651353,genuine
DEMO-BANK-01-A001999-E,DEMO-BANK-01-A001999,DEMO-BANK-01,an-5,2026-09-10T12:15:41.631331,2026-09-12T02:15:41.631331,genuine
DEMO-BANK-01-A002002-E,DEMO-BANK-01-A002002,DEMO-BANK-01,an-2,2026-09-21T03:52:00.169445,2026-09-22T19:52:00.169445,genuine
DEMO-BANK-01-A002005-E,DEMO-BANK-01-A002005,DEMO-BANK-01,an-4,2026-08-06T08:49:01.282088,2026-08-06T23:49:01.282088,genuine
DEMO-BANK-01-A002013-E,DEMO-BANK-01-A002013,DEMO-BANK-01,an-4,2026-09-03T20:46:41.513415,2026-09-04T07:46:41.513415,genuine
DEMO-BANK-01-A002016-E,DEMO-BANK-01-A002016,DEMO-BANK-01,an-6,2026-09-09T18:17:41.073737,2026-09-10T16:17:41.073737,genuine
DEMO-BANK-01-A002020-E,DEMO-BANK-01-A002020,DEMO-BANK-01,an-5,2026-09-09T04:42:47.675706,2026-09-10T03:42:47.675706,genuine
DEMO-BANK-01-A002029-E,DEMO-BANK-01-A002029,DEMO-BANK-01,an-4,2026-08-28T16:07:30.463262,2026-08-29T01:07:30.463262,genuine
DEMO-BANK-01-A002035-E,DEMO-BANK-01-A002035,DEMO-BANK-01,an-6,2026-08-26T18:46:34.532122,2026-08-28T08:46:34.532122,genuine
DEMO-BANK-01-A002040-E,DEMO-BANK-01-A002040,DEMO-BANK-01,an-5,2026-08-23T16:54:16.558800,2026-08-24T17:54:16.558800,genuine
DEMO-BANK-01-A002058-E,DEMO-BANK-01-A002058,DEMO-BANK-01,an-2,2026-09-23T21:40:12.231802,2026-09-25T14:40:12.231802,genuine
DEMO-BANK-01-A002076-E,DEMO-BANK-01-A002076,DEMO-BANK-01,an-3,2026-08-05T14:57:38.566640,2026-08-06T17:57:38.566640,genuine
DEMO-BANK-01-A002087-E,DEMO-BANK-01-A002087,DEMO-BANK-01,an-2,2026-09-18T10:01:37.438974,2026-09-20T02:01:37.438974,genuine
DEMO-BANK-01-A002115-E,DEMO-BANK-01-A002115,DEMO-BANK-01,an-2,2026-08-11T19:52:38.012873,2026-08-12T12:52:38.012873,genuine
DEMO-BANK-01-A002123-E,DEMO-BANK-01-A002123,DEMO-BANK-01,an-1,2026-09-27T05:55:19.052593,2026-09-28T13:55:19.052593,genuine
DEMO-BANK-01-A002162-E,DEMO-BANK-01-A002162,DEMO-BANK-01,an-4,2026-09-13T13:50:28.338774,2026-09-14T20:50:28.338774,genuine
DEMO-BANK-01-A002182-E,DEMO-BANK-01-A002182,DEMO-BANK-01,an-5,2026-09-28T15:46:24.087162,2026-09-30T04:46:24.087162,genuine
DEMO-BANK-01-A002185-E,DEMO-BANK-01-A002185,DEMO-BANK-01,an-3,2026-08-29T05:29:22.729790,2026-08-31T04:29:22.729790,genuine
DEMO-BANK-01-A002188-E,DEMO-BANK-01-A002188,DEMO-BANK-01,an-1,2026-09-01T11:08:44.290879,2026-09-02T00:08:44.290879,genuine
DEMO-BANK-01-A002198-E,DEMO-BANK-01-A002198,DEMO-BANK-01,an-4,2026-09-11T06:53:25.449842,2026-09-12T04:53:25.449842,genuine
DEMO-BANK-01-A002237-E,DEMO-BANK-01-A002237,DEMO-BANK-01,an-2,2026-08-09T01:49:31.219972,2026-08-10T14:49:31.219972,genuine
DEMO-BANK-01-A002239-E,DEMO-BANK-01-A002239,DEMO-BANK-01,an-3,2026-09-01T17:30:07.663426,2026-09-03T03:30:07.663426,genuine
DEMO-BANK-01-A002243-E,DEMO-BANK-01-A002243,DEMO-BANK-01,an-6,2026-09-19T05:19:10.773298,2026-09-19T10:19:10.773298,genuine
DEMO-BANK-01-A002244-E,DEMO-BANK-01-A002244,DEMO-BANK-01,an-6,2026-08-10T19:05:49.713685,2026-08-12T14:05:49.713685,genuine
DEMO-BANK-01-A002247-E,DEMO-BANK-01-A002247,DEMO-BANK-01,an-4,2026-09-08T05:52:33.641679,2026-09-10T04:52:33.641679,genuine
DEMO-BANK-01-A002255-E,DEMO-BANK-01-A002255,DEMO-BANK-01,an-1,2026-08-30T21:37:27.658140,2026-08-31T10:37:27.658140,genuine
DEMO-BANK-01-A002265-E,DEMO-BANK-01-A002265,DEMO-BANK-01,an-4,2026-09-10T21:26:40.004001,2026-09-11T16:26:40.004001,genuine
DEMO-BANK-01-A002266-E,DEMO-BANK-01-A002266,DEMO-BANK-01,an-3,2026-09-02T13:24:47.833017,2026-09-03T11:24:47.833017,genuine
DEMO-BANK-01-A002269-E,DEMO-BANK-01-A002269,DEMO-BANK-01,an-6,2026-09-01T15:24:22.039219,2026-09-03T08:24:22.039219,genuine
DEMO-BANK-01-A002274-E,DEMO-BANK-01-A002274,DEMO-BANK-01,an-5,2026-09-21T07:58:49.516213,2026-09-23T06:58:49.516213,genuine
DEMO-BANK-01-A002275-E,DEMO-BANK-01-A002275,DEMO-BANK-01,an-1,2026-08-16T19:31:18.703116,2026-08-17T14:31:18.703116,genuine
DEMO-BANK-01-A002300-E,DEMO-BANK-01-A002300,DEMO-BANK-01,an-3,2026-09-09T13:12:30.233659,2026-09-10T06:12:30.233659,genuine
DEMO-BANK-01-A002335-E,DEMO-BANK-01-A002335,DEMO-BANK-01,an-3,2026-08-12T12:05:07.522985,2026-08-12T22:05:07.522985,genuine
DEMO-BANK-01-A002336-E,DEMO-BANK-01-A002336,DEMO-BANK-01,an-6,2026-09-28T03:45:19.421272,2026-09-29T18:45:19.421272,genuine
DEMO-BANK-01-A002344-E,DEMO-BANK-01-A002344,DEMO-BANK-01,an-5,2026-09-28T02:13:59.684807,2026-09-28T14:13:59.684807,genuine
DEMO-BANK-01-A002362-E,DEMO-BANK-01-A002362,DEMO-BANK-01,an-3,2026-08-02T08:17:27.496164,2026-08-03T09:17:27.496164,genuine
DEMO-BANK-01-A002375-E,DEMO-BANK-01-A002375,DEMO-BANK-01,an-5,2026-08-14T10:13:24.315824,2026-08-16T01:13:24.315824,genuine
DEMO-BANK-01-A002430-E,DEMO-BANK-01-A002430,DEMO-BANK-01,an-4,2026-07-31T19:54:15.142037,2026-08-01T07:54:15.142037,genuine
DEMO-BANK-01-A002444-E,DEMO-BANK-01-A002444,DEMO-BANK-01,an-6,2026-08-06T16:49:33.232389,2026-08-07T12:49:33.232389,genuine
DEMO-BANK-01-A002453-E,DEMO-BANK-01-A002453,DEMO-BANK-01,an-3,2026-08-25T06:31:00.737662,2026-08-27T03:31:00.737662,genuine
DEMO-BANK-01-A002454-E,DEMO-BANK-01-A002454,DEMO-BANK-01,an-6,2026-09-28T16:52:32.120963,2026-09-30T05:52:32.120963,genuine
DEMO-BANK-01-A002459-E,DEMO-BANK-01-A002459,DEMO-BANK-01,an-4,2026-09-20T06:10:37.538569,2026-09-21T21:10:37.538569,genuine
DEMO-BANK-01-A002464-E,DEMO-BANK-01-A002464,DEMO-BANK-01,an-1,2026-09-18T18:01:36.639149,2026-09-20T06:01:36.639149,genuine
DEMO-BANK-01-A002490-E,DEMO-BANK-01-A002490,DEMO-BANK-01,an-3,2026-08-13T20:32:50.024941,2026-08-14T14:32:50.024941,genuine
DEMO-BANK-01-A002498-E,DEMO-BANK-01-A002498,DEMO-BANK-01,an-6,2026-08-31T14:15:55.849994,2026-09-01T14:15:55.849994,genuine
DEMO-BANK-02-A002506-E,DEMO-BANK-02-A002506,DEMO-BANK-02,an-2,2026-09-03T22:25:50.796382,2026-09-05T09:25:50.796382,genuine
DEMO-BANK-02-A002574-E,DEMO-BANK-02-A002574,DEMO-BANK-02,an-2,2026-09-26T13:21:53.595783,2026-09-28T11:21:53.595783,genuine
DEMO-BANK-02-A002674-E,DEMO-BANK-02-A002674,DEMO-BANK-02,an-1,2026-08-07T13:49:17.387974,2026-08-08T14:49:17.387974,genuine
DEMO-BANK-02-A002737-E,DEMO-BANK-02-A002737,DEMO-BANK-02,an-3,2026-08-27T10:54:07.306160,2026-08-28T23:54:07.306160,genuine
DEMO-BANK-02-A002751-E,DEMO-BANK-02-A002751,DEMO-BANK-02,an-4,2026-08-29T23:06:48.722951,2026-08-31T10:06:48.722951,genuine
DEMO-BANK-02-A002767-E,DEMO-BANK-02-A002767,DEMO-BANK-02,an-2,2026-08-26T06:34:18.962810,2026-08-26T11:34:18.962810,genuine
DEMO-BANK-02-A002856-E,DEMO-BANK-02-A002856,DEMO-BANK-02,an-3,2026-08-08T07:49:46.815592,2026-08-10T07:49:46.815592,genuine
DEMO-BANK-02-A002867-E,DEMO-BANK-02-A002867,DEMO-BANK-02,an-1,2026-08-31T14:16:48.090528,2026-09-02T07:16:48.090528,genuine
DEMO-BANK-02-A002963-E,DEMO-BANK-02-A002963,DEMO-BANK-02,an-4,2026-08-09T09:33:13.268690,2026-08-11T09:33:13.268690,genuine
DEMO-BANK-02-A002983-E,DEMO-BANK-02-A002983,DEMO-BANK-02,an-4,2026-09-21T20:38:33.950187,2026-09-22T04:38:33.950187,genuine
DEMO-BANK-02-A002992-E,DEMO-BANK-02-A002992,DEMO-BANK-02,an-3,2026-09-17T22:18:36.489110,2026-09-17T23:18:36.489110,genuine
DEMO-BANK-02-A003001-E,DEMO-BANK-02-A003001,DEMO-BANK-02,an-5,2026-08-22T14:33:51.372851,2026-08-23T07:33:51.372851,genuine
DEMO-BANK-02-A003009-E,DEMO-BANK-02-A003009,DEMO-BANK-02,an-5,2026-09-06T13:39:45.720362,2026-09-06T18:39:45.720362,genuine
DEMO-BANK-02-A003051-E,DEMO-BANK-02-A003051,DEMO-BANK-02,an-6,2026-08-21T12:38:16.399974,2026-08-22T21:38:16.399974,genuine
DEMO-BANK-02-A003086-E,DEMO-BANK-02-A003086,DEMO-BANK-02,an-2,2026-08-04T01:00:16.229483,2026-08-05T20:00:16.229483,genuine
DEMO-BANK-02-A003113-E,DEMO-BANK-02-A003113,DEMO-BANK-02,an-5,2026-08-18T08:10:44.137265,2026-08-18T19:10:44.137265,genuine
DEMO-BANK-02-A003172-E,DEMO-BANK-02-A003172,DEMO-BANK-02,an-1,2026-08-26T16:18:38.059520,2026-08-27T10:18:38.059520,genuine
DEMO-BANK-02-A003238-E,DEMO-BANK-02-A003238,DEMO-BANK-02,an-2,2026-09-16T15:09:45.661199,2026-09-16T18:09:45.661199,genuine
DEMO-BANK-02-A003316-E,DEMO-BANK-02-A003316,DEMO-BANK-02,an-3,2026-09-24T13:56:07.864948,2026-09-26T07:56:07.864948,genuine
DEMO-BANK-02-A003349-E,DEMO-BANK-02-A003349,DEMO-BANK-02,an-5,2026-08-18T09:56:39.093086,2026-08-19T04:56:39.093086,genuine
DEMO-BANK-02-A003358-E,DEMO-BANK-02-A003358,DEMO-BANK-02,an-1,2026-09-08T07:49:24.158260,2026-09-09T00:49:24.158260,genuine
DEMO-BANK-02-A003365-E,DEMO-BANK-02-A003365,DEMO-BANK-02,an-3,2026-08-11T09:00:10.343194,2026-08-12T17:00:10.343194,genuine
DEMO-BANK-02-A003381-E,DEMO-BANK-02-A003381,DEMO-BANK-02,an-3,2026-08-24T05:43:12.223721,2026-08-25T22:43:12.223721,genuine
DEMO-BANK-02-A003384-E,DEMO-BANK-02-A003384,DEMO-BANK-02,an-1,2026-09-21T02:09:46.277879,2026-09-22T01:09:46.277879,genuine
DEMO-BANK-02-A003412-E,DEMO-BANK-02-A003412,DEMO-BANK-02,an-4,2026-08-22T18:44:00.157973,2026-08-22T23:44:00.157973,genuine
DEMO-BANK-02-A003447-E,DEMO-BANK-02-A003447,DEMO-BANK-02,an-5,2026-08-06T17:40:40.254563,2026-08-07T14:40:40.254563,genuine
DEMO-BANK-02-A003484-E,DEMO-BANK-02-A003484,DEMO-BANK-02,an-6,2026-08-23T11:56:02.918184,2026-08-24T20:56:02.918184,genuine
DEMO-BANK-02-A003518-E,DEMO-BANK-02-A003518,DEMO-BANK-02,an-4,2026-09-25T01:32:02.039013,2026-09-26T08:32:02.039013,genuine
DEMO-BANK-02-A003521-E,DEMO-BANK-02-A003521,DEMO-BANK-02,an-4,2026-08-27T01:43:10.529583,2026-08-28T11:43:10.529583,genuine
DEMO-BANK-02-A003553-E,DEMO-BANK-02-A003553,DEMO-BANK-02,an-2,2026-09-25T10:24:34.714340,2026-09-27T07:24:34.714340,genuine
DEMO-BANK-02-A003569-E,DEMO-BANK-02-A003569,DEMO-BANK-02,an-3,2026-08-10T07:30:18.896602,2026-08-11T22:30:18.896602,genuine
DEMO-BANK-02-A003578-E,DEMO-BANK-02-A003578,DEMO-BANK-02,an-1,2026-09-15T08:13:02.126314,2026-09-16T12:13:02.126314,genuine
DEMO-BANK-02-A003581-E,DEMO-BANK-02-A003581,DEMO-BANK-02,an-4,2026-09-16T21:51:30.126114,2026-09-18T06:51:30.126114,genuine
DEMO-BANK-02-A003677-E,DEMO-BANK-02-A003677,DEMO-BANK-02,an-3,2026-08-28T15:42:33.919933,2026-08-28T16:42:33.919933,genuine
DEMO-BANK-02-A003733-E,DEMO-BANK-02-A003733,DEMO-BANK-02,an-6,2026-09-11T19:53:16.942209,2026-09-12T01:53:16.942209,genuine
DEMO-BANK-02-A003803-E,DEMO-BANK-02-A003803,DEMO-BANK-02,an-1,2026-08-12T19:52:19.584100,2026-08-13T12:52:19.584100,genuine
DEMO-BANK-02-A003857-E,DEMO-BANK-02-A003857,DEMO-BANK-02,an-1,2026-08-19T23:10:58.993659,2026-08-21T12:10:58.993659,genuine
DEMO-BANK-02-A004198-E,DEMO-BANK-02-A004198,DEMO-BANK-02,an-4,2026-09-28T10:31:12.353490,2026-09-29T19:31:12.353490,genuine
DEMO-BANK-02-A004210-E,DEMO-BANK-02-A004210,DEMO-BANK-02,an-2,2026-08-21T12:46:34.688610,2026-08-23T04:46:34.688610,genuine
DEMO-BANK-02-A004225-E,DEMO-BANK-02-A004225,DEMO-BANK-02,an-3,2026-09-26T13:54:16.946827,2026-09-27T16:54:16.946827,genuine
DEMO-BANK-02-A004289-E,DEMO-BANK-02-A004289,DEMO-BANK-02,an-2,2026-09-01T13:12:58.561946,2026-09-03T05:12:58.561946,genuine
DEMO-BANK-02-A004319-E,DEMO-BANK-02-A004319,DEMO-BANK-02,an-5,2026-09-04T13:21:50.885909,2026-09-06T00:21:50.885909,genuine
DEMO-BANK-02-A004331-E,DEMO-BANK-02-A004331,DEMO-BANK-02,an-4,2026-09-24T14:19:59.722687,2026-09-25T06:19:59.722687,genuine
DEMO-BANK-02-A004361-E,DEMO-BANK-02-A004361,DEMO-BANK-02,an-1,2026-08-22T09:38:26.131760,2026-08-23T01:38:26.131760,genuine
DEMO-BANK-02-A004456-E,DEMO-BANK-02-A004456,DEMO-BANK-02,an-1,2026-09-02T11:59:38.270366,2026-09-02T18:59:38.270366,genuine
DEMO-BANK-02-A004458-E,DEMO-BANK-02-A004458,DEMO-BANK-02,an-1,2026-08-11T06:45:08.896693,2026-08-11T21:45:08.896693,genuine
DEMO-BANK-02-A004577-E,DEMO-BANK-02-A004577,DEMO-BANK-02,an-3,2026-08-06T02:15:19.317785,2026-08-07T17:15:19.317785,genuine
DEMO-BANK-02-A004581-E,DEMO-BANK-02-A004581,DEMO-BANK-02,an-1,2026-08-01T13:55:09.689779,2026-08-02T23:55:09.689779,genuine
DEMO-BANK-02-A004608-E,DEMO-BANK-02-A004608,DEMO-BANK-02,an-2,2026-08-12T09:58:53.540679,2026-08-13T11:58:53.540679,genuine
DEMO-BANK-02-A004636-E,DEMO-BANK-02-A004636,DEMO-BANK-02,an-1,2026-09-03T06:57:04.511210,2026-09-04T05:57:04.511210,genuine
DEMO-BANK-02-A004702-E,DEMO-BANK-02-A004702,DEMO-BANK-02,an-3,2026-08-18T10:26:01.648877,2026-08-18T16:26:01.648877,genuine
DEMO-BANK-02-A004904-E,DEMO-BANK-02-A004904,DEMO-BANK-02,an-2,2026-08-03T12:04:25.188926,2026-08-04T17:04:25.188926,genuine
DEMO-BANK-02-A004907-E,DEMO-BANK-02-A004907,DEMO-BANK-02,an-4,2026-08-22T16:13:39.877392,2026-08-23T23:13:39.877392,genuine
DEMO-BANK-02-A004997-E,DEMO-BANK-02-A004997,DEMO-BANK-02,an-2,2026-08-07T00:07:29.307278,2026-08-08T14:07:29.307278,genuine
DEMO-BANK-03-A005020-E,DEMO-BANK-03-A005020,DEMO-BANK-03,an-6,2026-08-10T04:15:00,2026-08-11T12:15:00,genuine
DEMO-BANK-03-A005033-E,DEMO-BANK-03-A005033,DEMO-BANK-03,an-4,2026-08-22T11:55:37.885995,2026-08-23T22:55:37.885995,genuine
DEMO-BANK-03-A005035-E,DEMO-BANK-03-A005035,DEMO-BANK-03,an-1,2026-08-02T06:38:58.724422,2026-08-03T15:38:58.724422,genuine
DEMO-BANK-03-A005040-E,DEMO-BANK-03-A005040,DEMO-BANK-03,an-3,2026-08-18T21:37:00.957997,2026-08-19T16:37:00.957997,genuine
DEMO-BANK-03-A005048-E,DEMO-BANK-03-A005048,DEMO-BANK-03,an-2,2026-09-04T23:34:00,2026-09-06T12:34:00,genuine
DEMO-BANK-03-A005056-E,DEMO-BANK-03-A005056,DEMO-BANK-03,an-4,2026-09-25T05:56:00,2026-09-25T08:56:00,genuine
DEMO-BANK-03-A005058-E,DEMO-BANK-03-A005058,DEMO-BANK-03,an-2,2026-08-02T20:50:47.132062,2026-08-03T06:50:47.132062,genuine
DEMO-BANK-03-A005066-E,DEMO-BANK-03-A005066,DEMO-BANK-03,an-5,2026-08-21T02:20:00,2026-08-21T17:20:00,genuine
DEMO-BANK-03-A005068-E,DEMO-BANK-03-A005068,DEMO-BANK-03,an-4,2026-09-25T04:15:00,2026-09-26T05:15:00,genuine
DEMO-BANK-03-A005073-E,DEMO-BANK-03-A005073,DEMO-BANK-03,an-2,2026-09-29T01:51:00,2026-09-30T04:51:00,genuine
DEMO-BANK-03-A005074-E,DEMO-BANK-03-A005074,DEMO-BANK-03,an-2,2026-08-20T07:14:00,2026-08-20T08:14:00,genuine
DEMO-BANK-03-A005077-E,DEMO-BANK-03-A005077,DEMO-BANK-03,an-3,2026-09-07T02:48:41.037704,2026-09-08T04:48:41.037704,genuine
DEMO-BANK-03-A005078-E,DEMO-BANK-03-A005078,DEMO-BANK-03,an-6,2026-09-19T22:15:00,2026-09-20T18:15:00,genuine
DEMO-BANK-03-A005084-E,DEMO-BANK-03-A005084,DEMO-BANK-03,an-4,2026-08-05T21:43:00,2026-08-07T06:43:00,genuine
DEMO-BANK-03-A005093-E,DEMO-BANK-03-A005093,DEMO-BANK-03,an-2,2026-09-28T23:51:00,2026-09-30T20:51:00,genuine
DEMO-BANK-03-A005095-E,DEMO-BANK-03-A005095,DEMO-BANK-03,an-2,2026-09-04T16:04:00,2026-09-05T07:04:00,genuine
DEMO-BANK-03-A005102-E,DEMO-BANK-03-A005102,DEMO-BANK-03,an-2,2026-08-13T08:48:00,2026-08-15T06:48:00,genuine
DEMO-BANK-03-A005126-E,DEMO-BANK-03-A005126,DEMO-BANK-03,an-2,2026-08-26T02:16:00,2026-08-27T09:16:00,genuine
DEMO-BANK-03-A005129-E,DEMO-BANK-03-A005129,DEMO-BANK-03,an-5,2026-08-10T08:22:20.850098,2026-08-10T21:22:20.850098,genuine
DEMO-BANK-03-A005142-E,DEMO-BANK-03-A005142,DEMO-BANK-03,an-4,2026-09-25T22:52:33.724389,2026-09-26T14:52:33.724389,genuine
DEMO-BANK-03-A005145-E,DEMO-BANK-03-A005145,DEMO-BANK-03,an-4,2026-09-17T13:25:38.259620,2026-09-18T23:25:38.259620,genuine
DEMO-BANK-03-A005146-E,DEMO-BANK-03-A005146,DEMO-BANK-03,an-6,2026-09-29T08:31:00,2026-09-29T19:31:00,genuine
DEMO-BANK-03-A005149-E,DEMO-BANK-03-A005149,DEMO-BANK-03,an-3,2026-08-17T14:43:00,2026-08-18T14:43:00,genuine
DEMO-BANK-03-A005177-E,DEMO-BANK-03-A005177,DEMO-BANK-03,an-6,2026-08-24T08:10:57.301053,2026-08-25T18:10:57.301053,genuine
DEMO-BANK-03-A005197-E,DEMO-BANK-03-A005197,DEMO-BANK-03,an-6,2026-09-14T13:58:57.948839,2026-09-15T02:58:57.948839,genuine
DEMO-BANK-03-A005198-E,DEMO-BANK-03-A005198,DEMO-BANK-03,an-2,2026-08-17T17:35:00,2026-08-18T19:35:00,genuine
DEMO-BANK-03-A005202-E,DEMO-BANK-03-A005202,DEMO-BANK-03,an-1,2026-08-09T22:02:00,2026-08-10T12:02:00,genuine
DEMO-BANK-03-A005203-E,DEMO-BANK-03-A005203,DEMO-BANK-03,an-5,2026-09-16T01:34:00,2026-09-16T21:34:00,genuine
DEMO-BANK-03-A005206-E,DEMO-BANK-03-A005206,DEMO-BANK-03,an-4,2026-09-22T11:30:00,2026-09-23T17:30:00,genuine
DEMO-BANK-03-A005208-E,DEMO-BANK-03-A005208,DEMO-BANK-03,an-6,2026-08-31T09:17:00,2026-09-01T22:17:00,genuine
DEMO-BANK-03-A005214-E,DEMO-BANK-03-A005214,DEMO-BANK-03,an-4,2026-09-04T12:15:00,2026-09-05T05:15:00,genuine
DEMO-BANK-03-A005218-E,DEMO-BANK-03-A005218,DEMO-BANK-03,an-4,2026-09-26T07:14:09.288983,2026-09-27T06:14:09.288983,genuine
DEMO-BANK-03-A005229-E,DEMO-BANK-03-A005229,DEMO-BANK-03,an-6,2026-09-10T19:19:00,2026-09-11T10:19:00,genuine
DEMO-BANK-03-A005233-E,DEMO-BANK-03-A005233,DEMO-BANK-03,an-6,2026-09-04T14:42:00,2026-09-05T23:42:00,genuine
DEMO-BANK-03-A005246-E,DEMO-BANK-03-A005246,DEMO-BANK-03,an-3,2026-09-18T00:01:00,2026-09-19T16:01:00,genuine
DEMO-BANK-03-A005249-E,DEMO-BANK-03-A005249,DEMO-BANK-03,an-1,2026-08-12T12:25:00,2026-08-12T21:25:00,genuine
DEMO-BANK-03-A005257-E,DEMO-BANK-03-A005257,DEMO-BANK-03,an-5,2026-08-02T22:13:35.223708,2026-08-03T07:13:35.223708,genuine
DEMO-BANK-03-A005261-E,DEMO-BANK-03-A005261,DEMO-BANK-03,an-6,2026-08-30T02:46:00,2026-08-31T23:46:00,genuine
DEMO-BANK-03-A005266-E,DEMO-BANK-03-A005266,DEMO-BANK-03,an-2,2026-09-15T22:28:00,2026-09-17T21:28:00,genuine
DEMO-BANK-03-A005272-E,DEMO-BANK-03-A005272,DEMO-BANK-03,an-1,2026-09-07T14:39:00,2026-09-07T15:39:00,genuine
DEMO-BANK-03-A005287-E,DEMO-BANK-03-A005287,DEMO-BANK-03,an-6,2026-09-28T22:59:00,2026-09-29T21:59:00,genuine
DEMO-BANK-03-A005315-E,DEMO-BANK-03-A005315,DEMO-BANK-03,an-3,2026-08-30T06:09:41.168999,2026-08-30T08:09:41.168999,genuine
DEMO-BANK-03-A005321-E,DEMO-BANK-03-A005321,DEMO-BANK-03,an-3,2026-09-22T03:58:21.338334,2026-09-23T03:58:21.338334,genuine
DEMO-BANK-03-A005340-E,DEMO-BANK-03-A005340,DEMO-BANK-03,an-6,2026-08-06T20:23:12.419481,2026-08-08T16:23:12.419481,genuine
DEMO-BANK-03-A005342-E,DEMO-BANK-03-A005342,DEMO-BANK-03,an-2,2026-08-13T18:02:18.620781,2026-08-14T19:02:18.620781,genuine
DEMO-BANK-03-A005343-E,DEMO-BANK-03-A005343,DEMO-BANK-03,an-5,2026-08-30T00:40:36.717304,2026-08-31T07:40:36.717304,genuine
DEMO-BANK-03-A005358-E,DEMO-BANK-03-A005358,DEMO-BANK-03,an-1,2026-08-28T11:25:00,2026-08-29T05:25:00,genuine
DEMO-BANK-03-A005369-E,DEMO-BANK-03-A005369,DEMO-BANK-03,an-2,2026-08-20T09:32:13.365874,2026-08-22T08:32:13.365874,genuine
DEMO-BANK-03-A005398-E,DEMO-BANK-03-A005398,DEMO-BANK-03,an-5,2026-08-13T00:31:00,2026-08-13T07:31:00,genuine
DEMO-BANK-03-A005399-E,DEMO-BANK-03-A005399,DEMO-BANK-03,an-2,2026-08-30T14:17:44.719990,2026-08-30T16:17:44.719990,genuine
DEMO-BANK-03-A005400-E,DEMO-BANK-03-A005400,DEMO-BANK-03,an-6,2026-08-11T21:35:00,2026-08-13T05:35:00,genuine
DEMO-BANK-03-A005401-E,DEMO-BANK-03-A005401,DEMO-BANK-03,an-3,2026-08-09T14:48:00,2026-08-10T23:48:00,genuine
DEMO-BANK-03-A005408-E,DEMO-BANK-03-A005408,DEMO-BANK-03,an-3,2026-09-21T10:46:45.545682,2026-09-22T15:46:45.545682,genuine
DEMO-BANK-03-A005409-E,DEMO-BANK-03-A005409,DEMO-BANK-03,an-1,2026-08-29T07:08:00,2026-08-29T20:08:00,genuine
DEMO-BANK-03-A005410-E,DEMO-BANK-03-A005410,DEMO-BANK-03,an-3,2026-09-01T17:50:00,2026-09-03T07:50:00,genuine
DEMO-BANK-03-A005418-E,DEMO-BANK-03-A005418,DEMO-BANK-03,an-1,2026-09-27T11:40:00,2026-09-29T01:40:00,genuine
DEMO-BANK-03-A005424-E,DEMO-BANK-03-A005424,DEMO-BANK-03,an-3,2026-09-08T07:26:00,2026-09-09T05:26:00,genuine
DEMO-BANK-03-A005425-E,DEMO-BANK-03-A005425,DEMO-BANK-03,an-3,2026-08-31T12:33:00,2026-09-01T01:33:00,genuine
DEMO-BANK-03-A005428-E,DEMO-BANK-03-A005428,DEMO-BANK-03,an-3,2026-09-01T10:08:42.594558,2026-09-02T22:08:42.594558,genuine
DEMO-BANK-03-A005432-E,DEMO-BANK-03-A005432,DEMO-BANK-03,an-2,2026-08-21T16:53:00,2026-08-22T06:53:00,genuine
DEMO-BANK-03-A005434-E,DEMO-BANK-03-A005434,DEMO-BANK-03,an-2,2026-08-21T20:04:00,2026-08-23T19:04:00,genuine
DEMO-BANK-03-A005444-E,DEMO-BANK-03-A005444,DEMO-BANK-03,an-1,2026-09-13T04:48:00,2026-09-14T01:48:00,genuine
DEMO-BANK-03-A005447-E,DEMO-BANK-03-A005447,DEMO-BANK-03,an-6,2026-08-04T18:07:00,2026-08-05T03:07:00,genuine
DEMO-BANK-03-A005459-E,DEMO-BANK-03-A005459,DEMO-BANK-03,an-1,2026-09-12T01:16:00,2026-09-12T02:16:00,genuine
DEMO-BANK-03-A005464-E,DEMO-BANK-03-A005464,DEMO-BANK-03,an-5,2026-09-26T05:20:00,2026-09-27T16:20:00,genuine
DEMO-BANK-03-A005467-E,DEMO-BANK-03-A005467,DEMO-BANK-03,an-4,2026-09-22T00:37:42.733637,2026-09-23T07:37:42.733637,genuine
DEMO-BANK-03-A005471-E,DEMO-BANK-03-A005471,DEMO-BANK-03,an-5,2026-08-31T05:52:31.130522,2026-08-31T23:52:31.130522,genuine
DEMO-BANK-03-A005476-E,DEMO-BANK-03-A005476,DEMO-BANK-03,an-1,2026-08-21T22:58:18.274334,2026-08-23T08:58:18.274334,genuine
DEMO-BANK-03-A005487-E,DEMO-BANK-03-A005487,DEMO-BANK-03,an-4,2026-08-11T17:32:04.223055,2026-08-12T22:32:04.223055,genuine
DEMO-BANK-03-A005496-E,DEMO-BANK-03-A005496,DEMO-BANK-03,an-1,2026-08-16T06:39:00,2026-08-16T11:39:00,genuine
DEMO-BANK-03-A005510-E,DEMO-BANK-03-A005510,DEMO-BANK-03,an-2,2026-08-21T14:38:10.411263,2026-08-23T11:38:10.411263,genuine
DEMO-BANK-03-A005520-E,DEMO-BANK-03-A005520,DEMO-BANK-03,an-5,2026-09-12T13:54:00,2026-09-14T00:54:00,genuine
DEMO-BANK-03-A005529-E,DEMO-BANK-03-A005529,DEMO-BANK-03,an-6,2026-09-16T18:33:00,2026-09-17T14:33:00,genuine
DEMO-BANK-03-A005533-E,DEMO-BANK-03-A005533,DEMO-BANK-03,an-5,2026-08-27T07:09:43.948107,2026-08-28T05:09:43.948107,genuine
DEMO-BANK-03-A005548-E,DEMO-BANK-03-A005548,DEMO-BANK-03,an-1,2026-08-22T21:21:00,2026-08-24T18:21:00,genuine
DEMO-BANK-03-A005559-E,DEMO-BANK-03-A005559,DEMO-BANK-03,an-3,2026-09-28T03:25:00,2026-09-29T23:25:00,genuine
DEMO-BANK-03-A005560-E,DEMO-BANK-03-A005560,DEMO-BANK-03,an-5,2026-09-14T11:26:00,2026-09-15T13:26:00,genuine
DEMO-BANK-03-A005573-E,DEMO-BANK-03-A005573,DEMO-BANK-03,an-6,2026-09-26T06:00:00,2026-09-27T13:00:00,genuine
DEMO-BANK-03-A005575-E,DEMO-BANK-03-A005575,DEMO-BANK-03,an-1,2026-09-21T04:19:00,2026-09-22T01:19:00,genuine
DEMO-BANK-03-A005577-E,DEMO-BANK-03-A005577,DEMO-BANK-03,an-4,2026-09-02T16:26:00,2026-09-02T21:26:00,genuine
DEMO-BANK-03-A005579-E,DEMO-BANK-03-A005579,DEMO-BANK-03,an-1,2026-09-22T14:56:00,2026-09-23T20:56:00,genuine
DEMO-BANK-03-A005591-E,DEMO-BANK-03-A005591,DEMO-BANK-03,an-4,2026-09-21T06:16:00,2026-09-22T14:16:00,genuine
DEMO-BANK-03-A005592-E,DEMO-BANK-03-A005592,DEMO-BANK-03,an-2,2026-08-24T01:56:00,2026-08-24T15:56:00,genuine
DEMO-BANK-03-A005608-E,DEMO-BANK-03-A005608,DEMO-BANK-03,an-4,2026-08-24T17:15:00,2026-08-26T09:15:00,genuine
DEMO-BANK-03-A005609-E,DEMO-BANK-03-A005609,DEMO-BANK-03,an-6,2026-08-10T09:12:44.892977,2026-08-11T01:12:44.892977,genuine
DEMO-BANK-03-A005611-E,DEMO-BANK-03-A005611,DEMO-BANK-03,an-2,2026-09-02T14:32:00,2026-09-02T16:32:00,genuine
DEMO-BANK-03-A005613-E,DEMO-BANK-03-A005613,DEMO-BANK-03,an-1,2026-08-19T07:54:29.702413,2026-08-21T05:54:29.702413,genuine
DEMO-BANK-03-A005617-E,DEMO-BANK-03-A005617,DEMO-BANK-03,an-4,2026-08-14T07:34:49.814495,2026-08-15T02:34:49.814495,genuine
DEMO-BANK-03-A005620-E,DEMO-BANK-03-A005620,DEMO-BANK-03,an-3,2026-08-02T16:00:00,2026-08-03T00:00:00,genuine
DEMO-BANK-03-A005638-E,DEMO-BANK-03-A005638,DEMO-BANK-03,an-4,2026-08-09T05:04:00,2026-08-11T02:04:00,genuine
DEMO-BANK-03-A005639-E,DEMO-BANK-03-A005639,DEMO-BANK-03,an-5,2026-08-30T11:40:15.812841,2026-08-31T18:40:15.812841,genuine
DEMO-BANK-03-A005641-E,DEMO-BANK-03-A005641,DEMO-BANK-03,an-2,2026-08-03T02:23:00,2026-08-04T23:23:00,genuine
DEMO-BANK-03-A005648-E,DEMO-BANK-03-A005648,DEMO-BANK-03,an-2,2026-09-14T02:30:00,2026-09-14T08:30:00,genuine
DEMO-BANK-03-A005656-E,DEMO-BANK-03-A005656,DEMO-BANK-03,an-2,2026-09-22T06:08:00,2026-09-24T03:08:00,genuine
DEMO-BANK-03-A005658-E,DEMO-BANK-03-A005658,DEMO-BANK-03,an-1,2026-08-31T13:50:00,2026-09-02T04:50:00,genuine
DEMO-BANK-03-A005662-E,DEMO-BANK-03-A005662,DEMO-BANK-03,an-2,2026-08-01T16:01:00,2026-08-03T14:01:00,genuine
DEMO-BANK-03-A005676-E,DEMO-BANK-03-A005676,DEMO-BANK-03,an-2,2026-08-23T15:06:00,2026-08-23T20:06:00,genuine
DEMO-BANK-03-A005679-E,DEMO-BANK-03-A005679,DEMO-BANK-03,an-1,2026-08-14T08:53:06.595471,2026-08-15T20:53:06.595471,genuine
DEMO-BANK-03-A005683-E,DEMO-BANK-03-A005683,DEMO-BANK-03,an-2,2026-08-03T20:44:00,2026-08-05T03:44:00,genuine
DEMO-BANK-03-A005694-E,DEMO-BANK-03-A005694,DEMO-BANK-03,an-1,2026-09-30T08:35:00,2026-10-01T06:35:00,genuine
DEMO-BANK-03-A005707-E,DEMO-BANK-03-A005707,DEMO-BANK-03,an-2,2026-08-20T19:20:00,2026-08-22T14:20:00,genuine
DEMO-BANK-03-A005714-E,DEMO-BANK-03-A005714,DEMO-BANK-03,an-6,2026-09-22T20:13:00,2026-09-24T16:13:00,genuine
DEMO-BANK-03-A005721-E,DEMO-BANK-03-A005721,DEMO-BANK-03,an-5,2026-08-12T08:58:00,2026-08-13T17:58:00,genuine
DEMO-BANK-03-A005725-E,DEMO-BANK-03-A005725,DEMO-BANK-03,an-6,2026-09-28T16:52:00,2026-09-30T12:52:00,genuine
DEMO-BANK-03-A005732-E,DEMO-BANK-03-A005732,DEMO-BANK-03,an-1,2026-08-24T00:24:00,2026-08-24T20:24:00,genuine
DEMO-BANK-03-A005737-E,DEMO-BANK-03-A005737,DEMO-BANK-03,an-5,2026-08-24T06:31:00,2026-08-24T12:31:00,genuine
DEMO-BANK-03-A005741-E,DEMO-BANK-03-A005741,DEMO-BANK-03,an-3,2026-08-22T07:25:40.550827,2026-08-24T03:25:40.550827,genuine
DEMO-BANK-03-A005742-E,DEMO-BANK-03-A005742,DEMO-BANK-03,an-6,2026-09-27T14:30:00,2026-09-28T02:30:00,genuine
DEMO-BANK-03-A005744-E,DEMO-BANK-03-A005744,DEMO-BANK-03,an-6,2026-08-29T21:24:37.018586,2026-08-29T23:24:37.018586,genuine
DEMO-BANK-03-A005769-E,DEMO-BANK-03-A005769,DEMO-BANK-03,an-1,2026-09-12T15:45:06.664817,2026-09-13T13:45:06.664817,genuine
DEMO-BANK-03-A005770-E,DEMO-BANK-03-A005770,DEMO-BANK-03,an-3,2026-08-19T12:04:00,2026-08-20T18:04:00,genuine
DEMO-BANK-03-A005773-E,DEMO-BANK-03-A005773,DEMO-BANK-03,an-1,2026-08-14T06:51:00,2026-08-15T13:51:00,genuine
DEMO-BANK-03-A005791-E,DEMO-BANK-03-A005791,DEMO-BANK-03,an-4,2026-08-19T16:52:00,2026-08-19T19:52:00,genuine
DEMO-BANK-03-A005798-E,DEMO-BANK-03-A005798,DEMO-BANK-03,an-4,2026-08-21T20:01:38.165223,2026-08-22T22:01:38.165223,genuine
DEMO-BANK-03-A005808-E,DEMO-BANK-03-A005808,DEMO-BANK-03,an-6,2026-08-02T15:09:25.326928,2026-08-02T20:09:25.326928,genuine
DEMO-BANK-03-A005853-E,DEMO-BANK-03-A005853,DEMO-BANK-03,an-5,2026-08-29T15:04:00,2026-08-30T01:04:00,genuine
DEMO-BANK-03-A005862-E,DEMO-BANK-03-A005862,DEMO-BANK-03,an-4,2026-08-12T08:41:20.901266,2026-08-13T10:41:20.901266,genuine
DEMO-BANK-03-A005869-E,DEMO-BANK-03-A005869,DEMO-BANK-03,an-3,2026-08-07T16:06:00,2026-08-09T13:06:00,genuine
DEMO-BANK-03-A005872-E,DEMO-BANK-03-A005872,DEMO-BANK-03,an-1,2026-08-10T04:55:45.463603,2026-08-10T16:55:45.463603,genuine
DEMO-BANK-03-A005874-E,DEMO-BANK-03-A005874,DEMO-BANK-03,an-1,2026-08-03T06:42:00.857122,2026-08-03T18:42:00.857122,genuine
DEMO-BANK-03-A005877-E,DEMO-BANK-03-A005877,DEMO-BANK-03,an-1,2026-09-23T13:48:00,2026-09-23T22:48:00,genuine
DEMO-BANK-03-A005880-E,DEMO-BANK-03-A005880,DEMO-BANK-03,an-4,2026-09-04T05:01:02.002547,2026-09-05T23:01:02.002547,genuine
DEMO-BANK-03-A005883-E,DEMO-BANK-03-A005883,DEMO-BANK-03,an-2,2026-08-31T19:15:00,2026-09-02T08:15:00,genuine
DEMO-BANK-03-A005885-E,DEMO-BANK-03-A005885,DEMO-BANK-03,an-3,2026-09-13T16:28:00,2026-09-13T18:28:00,genuine
DEMO-BANK-03-A005888-E,DEMO-BANK-03-A005888,DEMO-BANK-03,an-2,2026-08-20T22:27:49.476922,2026-08-22T07:27:49.476922,genuine
DEMO-BANK-03-A005889-E,DEMO-BANK-03-A005889,DEMO-BANK-03,an-1,2026-09-23T03:03:00,2026-09-24T02:03:00,genuine
DEMO-BANK-03-A005896-E,DEMO-BANK-03-A005896,DEMO-BANK-03,an-4,2026-08-10T04:24:00,2026-08-12T03:24:00,genuine
DEMO-BANK-03-A005903-E,DEMO-BANK-03-A005903,DEMO-BANK-03,an-4,2026-09-17T15:39:00,2026-09-18T01:39:00,genuine
DEMO-BANK-03-A005906-E,DEMO-BANK-03-A005906,DEMO-BANK-03,an-4,2026-09-11T07:55:52.998339,2026-09-11T18:55:52.998339,genuine
DEMO-BANK-03-A005912-E,DEMO-BANK-03-A005912,DEMO-BANK-03,an-2,2026-08-24T16:20:00,2026-08-26T14:20:00,genuine
DEMO-BANK-03-A005918-E,DEMO-BANK-03-A005918,DEMO-BANK-03,an-5,2026-08-25T10:53:09.947761,2026-08-25T11:53:09.947761,genuine
DEMO-BANK-03-A005920-E,DEMO-BANK-03-A005920,DEMO-BANK-03,an-5,2026-08-14T18:51:00,2026-08-15T11:51:00,genuine
DEMO-BANK-03-A005923-E,DEMO-BANK-03-A005923,DEMO-BANK-03,an-3,2026-09-19T14:55:38.008832,2026-09-20T13:55:38.008832,genuine
DEMO-BANK-03-A005925-E,DEMO-BANK-03-A005925,DEMO-BANK-03,an-3,2026-09-14T22:50:00,2026-09-16T22:50:00,genuine
DEMO-BANK-03-A005941-E,DEMO-BANK-03-A005941,DEMO-BANK-03,an-6,2026-09-26T23:57:00,2026-09-28T12:57:00,genuine
DEMO-BANK-03-A005944-E,DEMO-BANK-03-A005944,DEMO-BANK-03,an-6,2026-08-28T21:23:00,2026-08-30T05:23:00,genuine
DEMO-BANK-03-A005945-E,DEMO-BANK-03-A005945,DEMO-BANK-03,an-1,2026-08-11T22:25:58.918994,2026-08-13T07:25:58.918994,genuine
DEMO-BANK-03-A005949-E,DEMO-BANK-03-A005949,DEMO-BANK-03,an-6,2026-08-18T13:49:00,2026-08-20T04:49:00,genuine
DEMO-BANK-03-A005951-E,DEMO-BANK-03-A005951,DEMO-BANK-03,an-6,2026-08-12T20:32:00,2026-08-14T15:32:00,genuine
DEMO-BANK-03-A005953-E,DEMO-BANK-03-A005953,DEMO-BANK-03,an-4,2026-09-12T07:05:00,2026-09-13T11:05:00,genuine
DEMO-BANK-03-A005955-E,DEMO-BANK-03-A005955,DEMO-BANK-03,an-4,2026-08-20T13:47:13.005942,2026-08-20T19:47:13.005942,genuine
DEMO-BANK-03-A005970-E,DEMO-BANK-03-A005970,DEMO-BANK-03,an-2,2026-09-18T03:32:00,2026-09-19T22:32:00,genuine
DEMO-BANK-03-A005990-E,DEMO-BANK-03-A005990,DEMO-BANK-03,an-3,2026-09-25T15:41:00,2026-09-26T16:41:00,genuine
DEMO-BANK-03-A005995-E,DEMO-BANK-03-A005995,DEMO-BANK-03,an-2,2026-09-01T18:53:00,2026-09-02T08:53:00,genuine
DEMO-BANK-03-A006000-E,DEMO-BANK-03-A006000,DEMO-BANK-03,an-6,2026-09-05T22:06:00,2026-09-06T05:06:00,genuine
DEMO-BANK-03-A006001-E,DEMO-BANK-03-A006001,DEMO-BANK-03,an-3,2026-09-08T00:49:00,2026-09-08T21:49:00,genuine
DEMO-BANK-03-A006020-E,DEMO-BANK-03-A006020,DEMO-BANK-03,an-5,2026-08-23T08:56:00,2026-08-24T07:56:00,genuine
DEMO-BANK-03-A006027-E,DEMO-BANK-03-A006027,DEMO-BANK-03,an-5,2026-08-21T09:17:00,2026-08-21T16:17:00,genuine
DEMO-BANK-03-A006037-E,DEMO-BANK-03-A006037,DEMO-BANK-03,an-4,2026-08-04T10:59:00,2026-08-05T07:59:00,genuine
DEMO-BANK-03-A006053-E,DEMO-BANK-03-A006053,DEMO-BANK-03,an-4,2026-09-02T20:14:00,2026-09-03T01:14:00,genuine
DEMO-BANK-03-A006055-E,DEMO-BANK-03-A006055,DEMO-BANK-03,an-1,2026-08-13T01:19:00,2026-08-13T23:19:00,genuine
DEMO-BANK-03-A006061-E,DEMO-BANK-03-A006061,DEMO-BANK-03,an-2,2026-09-01T21:11:00,2026-09-03T02:11:00,genuine
DEMO-BANK-03-A006063-E,DEMO-BANK-03-A006063,DEMO-BANK-03,an-2,2026-09-25T03:13:00,2026-09-26T02:13:00,genuine
DEMO-BANK-03-A006067-E,DEMO-BANK-03-A006067,DEMO-BANK-03,an-1,2026-09-08T06:18:09.447853,2026-09-09T18:18:09.447853,genuine
DEMO-BANK-03-A006073-E,DEMO-BANK-03-A006073,DEMO-BANK-03,an-6,2026-08-19T19:37:27.029546,2026-08-21T10:37:27.029546,genuine
DEMO-BANK-03-A006080-E,DEMO-BANK-03-A006080,DEMO-BANK-03,an-1,2026-09-20T16:37:00,2026-09-21T09:37:00,genuine
DEMO-BANK-03-A006087-E,DEMO-BANK-03-A006087,DEMO-BANK-03,an-2,2026-09-13T13:02:00,2026-09-14T15:02:00,genuine
DEMO-BANK-03-A006088-E,DEMO-BANK-03-A006088,DEMO-BANK-03,an-2,2026-09-02T10:15:00,2026-09-02T17:15:00,genuine
DEMO-BANK-03-A006091-E,DEMO-BANK-03-A006091,DEMO-BANK-03,an-5,2026-09-06T08:46:00,2026-09-07T17:46:00,genuine
DEMO-BANK-03-A006093-E,DEMO-BANK-03-A006093,DEMO-BANK-03,an-2,2026-08-06T22:34:17.138346,2026-08-08T01:34:17.138346,genuine
DEMO-BANK-03-A006096-E,DEMO-BANK-03-A006096,DEMO-BANK-03,an-5,2026-08-25T02:06:00,2026-08-26T06:06:00,genuine
DEMO-BANK-03-A006106-E,DEMO-BANK-03-A006106,DEMO-BANK-03,an-6,2026-09-16T07:37:00,2026-09-18T03:37:00,genuine
DEMO-BANK-03-A006118-E,DEMO-BANK-03-A006118,DEMO-BANK-03,an-6,2026-09-13T11:01:00,2026-09-15T02:01:00,genuine
DEMO-BANK-03-A006125-E,DEMO-BANK-03-A006125,DEMO-BANK-03,an-2,2026-09-12T07:36:00,2026-09-14T06:36:00,genuine
DEMO-BANK-03-A006126-E,DEMO-BANK-03-A006126,DEMO-BANK-03,an-2,2026-08-11T00:14:51.760674,2026-08-11T21:14:51.760674,genuine
DEMO-BANK-03-A006130-E,DEMO-BANK-03-A006130,DEMO-BANK-03,an-2,2026-09-13T01:51:00,2026-09-14T18:51:00,genuine
DEMO-BANK-03-A006131-E,DEMO-BANK-03-A006131,DEMO-BANK-03,an-6,2026-09-21T14:06:00,2026-09-22T00:06:00,genuine
DEMO-BANK-03-A006133-E,DEMO-BANK-03-A006133,DEMO-BANK-03,an-2,2026-09-14T01:50:00,2026-09-14T10:50:00,genuine
DEMO-BANK-03-A006137-E,DEMO-BANK-03-A006137,DEMO-BANK-03,an-6,2026-09-07T08:42:20.161119,2026-09-07T22:42:20.161119,genuine
DEMO-BANK-03-A006139-E,DEMO-BANK-03-A006139,DEMO-BANK-03,an-5,2026-08-29T01:12:13.690965,2026-08-30T17:12:13.690965,genuine
DEMO-BANK-03-A006142-E,DEMO-BANK-03-A006142,DEMO-BANK-03,an-1,2026-09-04T08:57:00,2026-09-04T18:57:00,genuine
DEMO-BANK-03-A006146-E,DEMO-BANK-03-A006146,DEMO-BANK-03,an-3,2026-09-26T01:01:00,2026-09-27T09:01:00,genuine
DEMO-BANK-03-A006160-E,DEMO-BANK-03-A006160,DEMO-BANK-03,an-1,2026-08-08T22:21:00,2026-08-10T06:21:00,genuine
DEMO-BANK-03-A006161-E,DEMO-BANK-03-A006161,DEMO-BANK-03,an-2,2026-08-11T20:51:00,2026-08-12T00:51:00,genuine
DEMO-BANK-03-A006168-E,DEMO-BANK-03-A006168,DEMO-BANK-03,an-2,2026-08-20T03:17:11.755871,2026-08-20T17:17:11.755871,genuine
DEMO-BANK-03-A006188-E,DEMO-BANK-03-A006188,DEMO-BANK-03,an-6,2026-09-24T09:58:00,2026-09-26T02:58:00,genuine
DEMO-BANK-03-A006189-E,DEMO-BANK-03-A006189,DEMO-BANK-03,an-1,2026-08-13T04:56:00,2026-08-15T01:56:00,genuine
DEMO-BANK-03-A006190-E,DEMO-BANK-03-A006190,DEMO-BANK-03,an-2,2026-08-08T09:29:00,2026-08-09T21:29:00,genuine
DEMO-BANK-03-A006196-E,DEMO-BANK-03-A006196,DEMO-BANK-03,an-4,2026-09-24T19:40:00,2026-09-25T10:40:00,genuine
DEMO-BANK-03-A006214-E,DEMO-BANK-03-A006214,DEMO-BANK-03,an-5,2026-09-21T07:15:00,2026-09-23T00:15:00,genuine
DEMO-BANK-03-A006223-E,DEMO-BANK-03-A006223,DEMO-BANK-03,an-3,2026-09-05T13:41:33.331700,2026-09-06T13:41:33.331700,genuine
DEMO-BANK-03-A006235-E,DEMO-BANK-03-A006235,DEMO-BANK-03,an-5,2026-09-18T00:33:00,2026-09-19T20:33:00,genuine
DEMO-BANK-03-A006239-E,DEMO-BANK-03-A006239,DEMO-BANK-03,an-4,2026-09-27T01:48:00,2026-09-27T11:48:00,genuine
DEMO-BANK-03-A006241-E,DEMO-BANK-03-A006241,DEMO-BANK-03,an-3,2026-08-08T11:08:00,2026-08-09T22:08:00,genuine
DEMO-BANK-03-A006259-E,DEMO-BANK-03-A006259,DEMO-BANK-03,an-3,2026-08-16T11:55:00,2026-08-17T00:55:00,genuine
DEMO-BANK-03-A006272-E,DEMO-BANK-03-A006272,DEMO-BANK-03,an-1,2026-09-05T10:22:00,2026-09-05T15:22:00,genuine
DEMO-BANK-03-A006278-E,DEMO-BANK-03-A006278,DEMO-BANK-03,an-1,2026-09-23T12:35:18.164712,2026-09-24T23:35:18.164712,genuine
DEMO-BANK-03-A006279-E,DEMO-BANK-03-A006279,DEMO-BANK-03,an-2,2026-09-26T14:32:26.950682,2026-09-28T02:32:26.950682,genuine
DEMO-BANK-03-A006284-E,DEMO-BANK-03-A006284,DEMO-BANK-03,an-3,2026-09-29T19:36:00,2026-10-01T12:36:00,genuine
DEMO-BANK-03-A006285-E,DEMO-BANK-03-A006285,DEMO-BANK-03,an-5,2026-08-31T16:43:00,2026-09-02T04:43:00,genuine
DEMO-BANK-03-A006289-E,DEMO-BANK-03-A006289,DEMO-BANK-03,an-4,2026-08-15T06:00:04.008903,2026-08-16T02:00:04.008903,genuine
DEMO-BANK-03-A006312-E,DEMO-BANK-03-A006312,DEMO-BANK-03,an-4,2026-08-19T01:20:00,2026-08-20T08:20:00,genuine
DEMO-BANK-03-A006313-E,DEMO-BANK-03-A006313,DEMO-BANK-03,an-1,2026-09-05T19:51:44.634182,2026-09-06T12:51:44.634182,genuine
DEMO-BANK-03-A006321-E,DEMO-BANK-03-A006321,DEMO-BANK-03,an-1,2026-09-19T09:54:07.403385,2026-09-21T04:54:07.403385,genuine
DEMO-BANK-03-A006323-E,DEMO-BANK-03-A006323,DEMO-BANK-03,an-4,2026-08-12T22:56:00,2026-08-13T13:56:00,genuine
DEMO-BANK-03-A006336-E,DEMO-BANK-03-A006336,DEMO-BANK-03,an-3,2026-08-12T23:42:00,2026-08-14T06:42:00,genuine
DEMO-BANK-03-A006339-E,DEMO-BANK-03-A006339,DEMO-BANK-03,an-2,2026-08-16T22:43:00,2026-08-17T23:43:00,genuine
DEMO-BANK-03-A006352-E,DEMO-BANK-03-A006352,DEMO-BANK-03,an-6,2026-08-30T01:21:00,2026-08-30T05:21:00,genuine
DEMO-BANK-03-A006354-E,DEMO-BANK-03-A006354,DEMO-BANK-03,an-1,2026-08-07T22:24:00,2026-08-08T18:24:00,genuine
DEMO-BANK-03-A006392-E,DEMO-BANK-03-A006392,DEMO-BANK-03,an-4,2026-09-26T00:25:31.476224,2026-09-26T12:25:31.476224,genuine
DEMO-BANK-03-A006396-E,DEMO-BANK-03-A006396,DEMO-BANK-03,an-1,2026-08-22T20:31:00,2026-08-24T14:31:00,genuine
DEMO-BANK-03-A006399-E,DEMO-BANK-03-A006399,DEMO-BANK-03,an-3,2026-09-12T17:23:45.752636,2026-09-13T06:23:45.752636,genuine
DEMO-BANK-03-A006401-E,DEMO-BANK-03-A006401,DEMO-BANK-03,an-6,2026-09-14T20:33:00,2026-09-16T04:33:00,genuine
DEMO-BANK-03-A006403-E,DEMO-BANK-03-A006403,DEMO-BANK-03,an-5,2026-09-26T05:05:44.346312,2026-09-28T03:05:44.346312,genuine
DEMO-BANK-03-A006405-E,DEMO-BANK-03-A006405,DEMO-BANK-03,an-4,2026-08-19T20:23:00,2026-08-20T16:23:00,genuine
DEMO-BANK-03-A006412-E,DEMO-BANK-03-A006412,DEMO-BANK-03,an-4,2026-09-26T08:45:41.867174,2026-09-27T21:45:41.867174,genuine
DEMO-BANK-03-A006428-E,DEMO-BANK-03-A006428,DEMO-BANK-03,an-6,2026-08-27T12:20:00,2026-08-27T23:20:00,genuine
DEMO-BANK-03-A006435-E,DEMO-BANK-03-A006435,DEMO-BANK-03,an-6,2026-09-07T18:22:00,2026-09-07T19:22:00,genuine
DEMO-BANK-03-A006437-E,DEMO-BANK-03-A006437,DEMO-BANK-03,an-3,2026-09-23T20:28:34.832192,2026-09-23T23:28:34.832192,genuine
DEMO-BANK-03-A006442-E,DEMO-BANK-03-A006442,DEMO-BANK-03,an-4,2026-09-24T13:52:00,2026-09-25T10:52:00,genuine
DEMO-BANK-03-A006449-E,DEMO-BANK-03-A006449,DEMO-BANK-03,an-3,2026-08-01T11:35:00,2026-08-01T14:35:00,genuine
DEMO-BANK-03-A006452-E,DEMO-BANK-03-A006452,DEMO-BANK-03,an-3,2026-09-21T00:12:41.210666,2026-09-22T10:12:41.210666,genuine
DEMO-BANK-03-A006455-E,DEMO-BANK-03-A006455,DEMO-BANK-03,an-2,2026-08-27T08:01:50.354039,2026-08-27T11:01:50.354039,genuine
DEMO-BANK-03-A006469-E,DEMO-BANK-03-A006469,DEMO-BANK-03,an-4,2026-09-28T06:34:00,2026-09-29T22:34:00,genuine
DEMO-BANK-03-A006476-E,DEMO-BANK-03-A006476,DEMO-BANK-03,an-5,2026-09-14T07:18:46.154578,2026-09-14T09:18:46.154578,genuine
DEMO-BANK-03-A006489-E,DEMO-BANK-03-A006489,DEMO-BANK-03,an-1,2026-08-16T16:00:00,2026-08-17T23:00:00,genuine
DEMO-BANK-03-A006503-E,DEMO-BANK-03-A006503,DEMO-BANK-03,an-4,2026-08-06T21:37:00,2026-08-07T06:37:00,genuine
DEMO-BANK-03-A006511-E,DEMO-BANK-03-A006511,DEMO-BANK-03,an-1,2026-08-21T13:17:00,2026-08-22T22:17:00,genuine
DEMO-BANK-03-A006516-E,DEMO-BANK-03-A006516,DEMO-BANK-03,an-2,2026-07-31T22:31:35.720135,2026-08-02T09:31:35.720135,genuine
DEMO-BANK-03-A006528-E,DEMO-BANK-03-A006528,DEMO-BANK-03,an-6,2026-08-11T10:04:00,2026-08-11T11:04:00,genuine
DEMO-BANK-03-A006533-E,DEMO-BANK-03-A006533,DEMO-BANK-03,an-3,2026-09-25T01:00:00,2026-09-27T00:00:00,genuine
DEMO-BANK-03-A006542-E,DEMO-BANK-03-A006542,DEMO-BANK-03,an-1,2026-08-04T22:24:00,2026-08-06T12:24:00,genuine
DEMO-BANK-03-A006543-E,DEMO-BANK-03-A006543,DEMO-BANK-03,an-3,2026-08-18T13:57:00,2026-08-19T09:57:00,genuine
DEMO-BANK-03-A006562-E,DEMO-BANK-03-A006562,DEMO-BANK-03,an-3,2026-08-03T02:35:00,2026-08-04T18:35:00,genuine
DEMO-BANK-03-A006564-E,DEMO-BANK-03-A006564,DEMO-BANK-03,an-4,2026-08-22T01:44:00,2026-08-22T14:44:00,genuine
DEMO-BANK-03-A006566-E,DEMO-BANK-03-A006566,DEMO-BANK-03,an-5,2026-09-05T09:42:00,2026-09-06T21:42:00,genuine
DEMO-BANK-03-A006570-E,DEMO-BANK-03-A006570,DEMO-BANK-03,an-3,2026-09-16T11:46:18.122466,2026-09-17T17:46:18.122466,genuine
DEMO-BANK-03-A006572-E,DEMO-BANK-03-A006572,DEMO-BANK-03,an-6,2026-08-03T16:42:00,2026-08-05T06:42:00,genuine
DEMO-BANK-03-A006573-E,DEMO-BANK-03-A006573,DEMO-BANK-03,an-3,2026-09-23T21:25:00,2026-09-25T12:25:00,genuine
DEMO-BANK-03-A006581-E,DEMO-BANK-03-A006581,DEMO-BANK-03,an-1,2026-09-27T05:56:00,2026-09-28T22:56:00,genuine
DEMO-BANK-03-A006584-E,DEMO-BANK-03-A006584,DEMO-BANK-03,an-3,2026-09-09T15:34:00,2026-09-11T15:34:00,genuine
DEMO-BANK-03-A006586-E,DEMO-BANK-03-A006586,DEMO-BANK-03,an-6,2026-09-16T19:28:00,2026-09-17T07:28:00,genuine
DEMO-BANK-03-A006593-E,DEMO-BANK-03-A006593,DEMO-BANK-03,an-2,2026-09-05T19:26:00,2026-09-07T06:26:00,genuine
DEMO-BANK-03-A006613-E,DEMO-BANK-03-A006613,DEMO-BANK-03,an-1,2026-08-21T18:02:00,2026-08-23T14:02:00,genuine
DEMO-BANK-03-A006614-E,DEMO-BANK-03-A006614,DEMO-BANK-03,an-1,2026-09-08T09:39:00,2026-09-09T05:39:00,genuine
DEMO-BANK-03-A006620-E,DEMO-BANK-03-A006620,DEMO-BANK-03,an-5,2026-08-23T18:58:00,2026-08-24T21:58:00,genuine
DEMO-BANK-03-A006623-E,DEMO-BANK-03-A006623,DEMO-BANK-03,an-1,2026-09-07T08:19:00,2026-09-07T12:19:00,genuine
DEMO-BANK-03-A006634-E,DEMO-BANK-03-A006634,DEMO-BANK-03,an-4,2026-08-25T19:22:41.526625,2026-08-27T01:22:41.526625,genuine
DEMO-BANK-03-A006636-E,DEMO-BANK-03-A006636,DEMO-BANK-03,an-2,2026-09-04T21:40:00,2026-09-05T08:40:00,genuine
DEMO-BANK-03-A006646-E,DEMO-BANK-03-A006646,DEMO-BANK-03,an-5,2026-08-29T14:58:00,2026-08-31T12:58:00,genuine
DEMO-BANK-03-A006647-E,DEMO-BANK-03-A006647,DEMO-BANK-03,an-4,2026-08-20T00:43:09.338531,2026-08-20T13:43:09.338531,genuine
DEMO-BANK-03-A006657-E,DEMO-BANK-03-A006657,DEMO-BANK-03,an-1,2026-08-12T19:43:44.610071,2026-08-13T18:43:44.610071,genuine
DEMO-BANK-03-A006662-E,DEMO-BANK-03-A006662,DEMO-BANK-03,an-6,2026-08-21T10:59:00,2026-08-22T17:59:00,genuine
DEMO-BANK-03-A006663-E,DEMO-BANK-03-A006663,DEMO-BANK-03,an-3,2026-09-27T14:43:00,2026-09-28T05:43:00,genuine
DEMO-BANK-03-A006672-E,DEMO-BANK-03-A006672,DEMO-BANK-03,an-3,2026-08-25T14:35:00,2026-08-27T07:35:00,genuine
DEMO-BANK-03-A006674-E,DEMO-BANK-03-A006674,DEMO-BANK-03,an-1,2026-08-12T09:31:53.129083,2026-08-13T16:31:53.129083,genuine
DEMO-BANK-03-A006677-E,DEMO-BANK-03-A006677,DEMO-BANK-03,an-1,2026-08-22T10:26:00,2026-08-23T11:26:00,genuine
DEMO-BANK-03-A006685-E,DEMO-BANK-03-A006685,DEMO-BANK-03,an-1,2026-09-05T04:34:54.881113,2026-09-05T05:34:54.881113,genuine
DEMO-BANK-03-A006687-E,DEMO-BANK-03-A006687,DEMO-BANK-03,an-2,2026-08-15T18:26:00,2026-08-17T05:26:00,genuine
DEMO-BANK-03-A006690-E,DEMO-BANK-03-A006690,DEMO-BANK-03,an-5,2026-08-09T20:53:00,2026-08-10T18:53:00,genuine
DEMO-BANK-03-A006698-E,DEMO-BANK-03-A006698,DEMO-BANK-03,an-3,2026-09-11T15:32:41.165038,2026-09-12T03:32:41.165038,genuine
DEMO-BANK-03-A006699-E,DEMO-BANK-03-A006699,DEMO-BANK-03,an-2,2026-09-20T02:15:47.236914,2026-09-21T21:15:47.236914,genuine
DEMO-BANK-03-A006703-E,DEMO-BANK-03-A006703,DEMO-BANK-03,an-5,2026-08-27T10:15:00,2026-08-27T20:15:00,genuine
DEMO-BANK-03-A006705-E,DEMO-BANK-03-A006705,DEMO-BANK-03,an-2,2026-08-13T08:34:00,2026-08-13T10:34:00,genuine
DEMO-BANK-03-A006707-E,DEMO-BANK-03-A006707,DEMO-BANK-03,an-3,2026-09-17T20:45:00,2026-09-18T18:45:00,genuine
DEMO-BANK-03-A006723-E,DEMO-BANK-03-A006723,DEMO-BANK-03,an-4,2026-08-09T01:06:49.393117,2026-08-09T20:06:49.393117,genuine
DEMO-BANK-03-A006724-E,DEMO-BANK-03-A006724,DEMO-BANK-03,an-3,2026-08-20T00:11:41.685766,2026-08-21T13:11:41.685766,genuine
DEMO-BANK-03-A006728-E,DEMO-BANK-03-A006728,DEMO-BANK-03,an-6,2026-09-09T15:58:00,2026-09-10T12:58:00,genuine
DEMO-BANK-03-A006732-E,DEMO-BANK-03-A006732,DEMO-BANK-03,an-5,2026-08-23T20:30:00,2026-08-24T15:30:00,genuine
DEMO-BANK-03-A006734-E,DEMO-BANK-03-A006734,DEMO-BANK-03,an-3,2026-08-17T22:57:00,2026-08-19T03:57:00,genuine
DEMO-BANK-03-A006744-E,DEMO-BANK-03-A006744,DEMO-BANK-03,an-4,2026-08-12T08:35:00,2026-08-13T07:35:00,genuine
DEMO-BANK-03-A006753-E,DEMO-BANK-03-A006753,DEMO-BANK-03,an-6,2026-08-13T00:46:00,2026-08-13T07:46:00,genuine
DEMO-BANK-03-A006762-E,DEMO-BANK-03-A006762,DEMO-BANK-03,an-5,2026-08-22T07:31:44.302631,2026-08-22T14:31:44.302631,genuine
DEMO-BANK-03-A006764-E,DEMO-BANK-03-A006764,DEMO-BANK-03,an-4,2026-10-01T01:05:00,2026-10-02T11:05:00,genuine
DEMO-BANK-03-A006781-E,DEMO-BANK-03-A006781,DEMO-BANK-03,an-3,2026-08-12T21:19:40.139864,2026-08-14T06:19:40.139864,genuine
DEMO-BANK-03-A006782-E,DEMO-BANK-03-A006782,DEMO-BANK-03,an-3,2026-09-09T08:23:00,2026-09-10T00:23:00,genuine
DEMO-BANK-03-A006786-E,DEMO-BANK-03-A006786,DEMO-BANK-03,an-6,2026-09-13T17:36:00,2026-09-15T07:36:00,genuine
DEMO-BANK-03-A006794-E,DEMO-BANK-03-A006794,DEMO-BANK-03,an-2,2026-09-06T07:37:57.757815,2026-09-07T03:37:57.757815,genuine
DEMO-BANK-03-A006796-E,DEMO-BANK-03-A006796,DEMO-BANK-03,an-5,2026-09-09T03:32:58.739457,2026-09-10T06:32:58.739457,genuine
DEMO-BANK-03-A006809-E,DEMO-BANK-03-A006809,DEMO-BANK-03,an-5,2026-09-22T05:27:11.948858,2026-09-24T01:27:11.948858,genuine
DEMO-BANK-03-A006810-E,DEMO-BANK-03-A006810,DEMO-BANK-03,an-6,2026-09-05T14:03:00,2026-09-07T02:03:00,genuine
DEMO-BANK-03-A006830-E,DEMO-BANK-03-A006830,DEMO-BANK-03,an-2,2026-09-24T02:12:00,2026-09-24T19:12:00,genuine
DEMO-BANK-03-A006834-E,DEMO-BANK-03-A006834,DEMO-BANK-03,an-4,2026-08-23T22:14:00,2026-08-24T02:14:00,genuine
DEMO-BANK-03-A006857-E,DEMO-BANK-03-A006857,DEMO-BANK-03,an-6,2026-09-23T12:03:00,2026-09-23T14:03:00,genuine
DEMO-BANK-03-A006868-E,DEMO-BANK-03-A006868,DEMO-BANK-03,an-2,2026-08-15T06:51:00,2026-08-16T09:51:00,genuine
DEMO-BANK-03-A006882-E,DEMO-BANK-03-A006882,DEMO-BANK-03,an-2,2026-09-23T00:14:33.580501,2026-09-24T22:14:33.580501,genuine
DEMO-BANK-03-A006883-E,DEMO-BANK-03-A006883,DEMO-BANK-03,an-6,2026-08-08T04:52:00,2026-08-08T18:52:00,genuine
DEMO-BANK-03-A006885-E,DEMO-BANK-03-A006885,DEMO-BANK-03,an-4,2026-08-13T18:33:00,2026-08-14T23:33:00,genuine
DEMO-BANK-03-A006893-E,DEMO-BANK-03-A006893,DEMO-BANK-03,an-5,2026-08-24T13:30:00,2026-08-24T17:30:00,genuine
DEMO-BANK-03-A006900-E,DEMO-BANK-03-A006900,DEMO-BANK-03,an-2,2026-08-23T06:08:00,2026-08-24T04:08:00,genuine
DEMO-BANK-03-A006903-E,DEMO-BANK-03-A006903,DEMO-BANK-03,an-5,2026-08-27T06:38:02.862056,2026-08-27T12:38:02.862056,genuine
DEMO-BANK-03-A006907-E,DEMO-BANK-03-A006907,DEMO-BANK-03,an-2,2026-08-05T22:10:00,2026-08-06T11:10:00,genuine
DEMO-BANK-03-A006913-E,DEMO-BANK-03-A006913,DEMO-BANK-03,an-3,2026-08-08T09:07:00,2026-08-08T23:07:00,genuine
DEMO-BANK-03-A006917-E,DEMO-BANK-03-A006917,DEMO-BANK-03,an-6,2026-09-01T22:37:55.265714,2026-09-02T14:37:55.265714,genuine
DEMO-BANK-03-A006924-E,DEMO-BANK-03-A006924,DEMO-BANK-03,an-6,2026-09-06T04:40:00,2026-09-06T14:40:00,genuine
DEMO-BANK-03-A006935-E,DEMO-BANK-03-A006935,DEMO-BANK-03,an-1,2026-09-21T03:17:35.591515,2026-09-22T14:17:35.591515,genuine
DEMO-BANK-03-A006937-E,DEMO-BANK-03-A006937,DEMO-BANK-03,an-3,2026-08-31T12:46:00,2026-09-02T05:46:00,genuine
DEMO-BANK-03-A006939-E,DEMO-BANK-03-A006939,DEMO-BANK-03,an-6,2026-09-17T23:30:49.104414,2026-09-18T15:30:49.104414,genuine
DEMO-BANK-03-A006943-E,DEMO-BANK-03-A006943,DEMO-BANK-03,an-4,2026-09-01T16:55:00,2026-09-03T13:55:00,genuine
DEMO-BANK-03-A006946-E,DEMO-BANK-03-A006946,DEMO-BANK-03,an-1,2026-08-15T05:00:00,2026-08-16T21:00:00,genuine
DEMO-BANK-03-A006948-E,DEMO-BANK-03-A006948,DEMO-BANK-03,an-4,2026-09-27T17:35:00,2026-09-28T16:35:00,genuine
DEMO-BANK-03-A006957-E,DEMO-BANK-03-A006957,DEMO-BANK-03,an-2,2026-08-13T05:04:00,2026-08-14T05:04:00,genuine
DEMO-BANK-03-A006962-E,DEMO-BANK-03-A006962,DEMO-BANK-03,an-6,2026-08-07T02:58:00,2026-08-08T11:58:00,genuine
DEMO-BANK-03-A006971-E,DEMO-BANK-03-A006971,DEMO-BANK-03,an-4,2026-08-11T03:49:00,2026-08-13T00:49:00,genuine
DEMO-BANK-03-A006977-E,DEMO-BANK-03-A006977,DEMO-BANK-03,an-3,2026-08-17T21:12:00,2026-08-17T22:12:00,genuine
DEMO-BANK-03-A006978-E,DEMO-BANK-03-A006978,DEMO-BANK-03,an-5,2026-08-08T12:43:00,2026-08-10T11:43:00,genuine
DEMO-BANK-03-A006979-E,DEMO-BANK-03-A006979,DEMO-BANK-03,an-1,2026-09-26T05:14:18.407141,2026-09-26T08:14:18.407141,genuine
DEMO-BANK-03-A006986-E,DEMO-BANK-03-A006986,DEMO-BANK-03,an-2,2026-08-22T20:53:00,2026-08-24T00:53:00,genuine
DEMO-BANK-03-A006987-E,DEMO-BANK-03-A006987,DEMO-BANK-03,an-1,2026-09-26T12:18:00,2026-09-28T10:18:00,genuine
DEMO-BANK-03-A006991-E,DEMO-BANK-03-A006991,DEMO-BANK-03,an-2,2026-09-21T10:19:00,2026-09-21T18:19:00,genuine
DEMO-BANK-03-A006996-E,DEMO-BANK-03-A006996,DEMO-BANK-03,an-3,2026-08-09T07:31:34.786169,2026-08-09T10:31:34.786169,genuine
DEMO-BANK-03-A007013-E,DEMO-BANK-03-A007013,DEMO-BANK-03,an-3,2026-08-20T03:10:00,2026-08-21T10:10:00,genuine
DEMO-BANK-03-A007033-E,DEMO-BANK-03-A007033,DEMO-BANK-03,an-3,2026-09-20T10:07:40.808317,2026-09-22T04:07:40.808317,genuine
DEMO-BANK-03-A007034-E,DEMO-BANK-03-A007034,DEMO-BANK-03,an-3,2026-08-22T01:28:00,2026-08-22T11:28:00,genuine
DEMO-BANK-03-A007041-E,DEMO-BANK-03-A007041,DEMO-BANK-03,an-2,2026-08-20T20:45:45.138772,2026-08-22T08:45:45.138772,genuine
DEMO-BANK-03-A007046-E,DEMO-BANK-03-A007046,DEMO-BANK-03,an-1,2026-09-01T05:49:00,2026-09-01T14:49:00,genuine
DEMO-BANK-03-A007047-E,DEMO-BANK-03-A007047,DEMO-BANK-03,an-3,2026-09-08T01:36:00,2026-09-08T15:36:00,genuine
DEMO-BANK-03-A007051-E,DEMO-BANK-03-A007051,DEMO-BANK-03,an-2,2026-08-19T03:41:55.698584,2026-08-20T15:41:55.698584,genuine
DEMO-BANK-03-A007054-E,DEMO-BANK-03-A007054,DEMO-BANK-03,an-4,2026-08-27T07:03:16.673426,2026-08-29T06:03:16.673426,genuine
DEMO-BANK-03-A007061-E,DEMO-BANK-03-A007061,DEMO-BANK-03,an-5,2026-08-10T21:08:00,2026-08-10T23:08:00,genuine
DEMO-BANK-03-A007062-E,DEMO-BANK-03-A007062,DEMO-BANK-03,an-1,2026-08-19T13:50:13.163194,2026-08-20T23:50:13.163194,genuine
DEMO-BANK-03-A007080-E,DEMO-BANK-03-A007080,DEMO-BANK-03,an-2,2026-09-17T03:40:00,2026-09-18T08:40:00,genuine
DEMO-BANK-03-A007083-E,DEMO-BANK-03-A007083,DEMO-BANK-03,an-4,2026-08-17T06:34:47.079277,2026-08-18T04:34:47.079277,genuine
DEMO-BANK-03-A007100-E,DEMO-BANK-03-A007100,DEMO-BANK-03,an-6,2026-08-08T19:21:00,2026-08-08T23:21:00,genuine
DEMO-BANK-03-A007103-E,DEMO-BANK-03-A007103,DEMO-BANK-03,an-2,2026-08-13T10:01:19.073902,2026-08-13T17:01:19.073902,genuine
DEMO-BANK-03-A007105-E,DEMO-BANK-03-A007105,DEMO-BANK-03,an-1,2026-08-28T12:28:00,2026-08-28T16:28:00,genuine
DEMO-BANK-03-A007121-E,DEMO-BANK-03-A007121,DEMO-BANK-03,an-3,2026-08-10T05:54:00,2026-08-11T13:54:00,genuine
DEMO-BANK-03-A007122-E,DEMO-BANK-03-A007122,DEMO-BANK-03,an-6,2026-09-04T09:56:50.463422,2026-09-04T23:56:50.463422,genuine
DEMO-BANK-03-A007131-E,DEMO-BANK-03-A007131,DEMO-BANK-03,an-5,2026-09-19T12:05:00,2026-09-21T11:05:00,genuine
DEMO-BANK-03-A007164-E,DEMO-BANK-03-A007164,DEMO-BANK-03,an-5,2026-09-15T19:10:00,2026-09-16T18:10:00,genuine
DEMO-BANK-03-A007169-E,DEMO-BANK-03-A007169,DEMO-BANK-03,an-2,2026-09-05T03:51:09.715340,2026-09-05T16:51:09.715340,genuine
DEMO-BANK-03-A007170-E,DEMO-BANK-03-A007170,DEMO-BANK-03,an-5,2026-09-13T17:13:00,2026-09-14T02:13:00,genuine
DEMO-BANK-03-A007177-E,DEMO-BANK-03-A007177,DEMO-BANK-03,an-1,2026-09-03T09:02:52.348184,2026-09-04T00:02:52.348184,genuine
DEMO-BANK-03-A007183-E,DEMO-BANK-03-A007183,DEMO-BANK-03,an-5,2026-09-13T22:41:13.255326,2026-09-14T11:41:13.255326,genuine
DEMO-BANK-03-A007185-E,DEMO-BANK-03-A007185,DEMO-BANK-03,an-3,2026-08-10T18:31:00,2026-08-11T14:31:00,genuine
DEMO-BANK-03-A007196-E,DEMO-BANK-03-A007196,DEMO-BANK-03,an-2,2026-09-04T19:10:00,2026-09-05T14:10:00,genuine
DEMO-BANK-03-A007207-E,DEMO-BANK-03-A007207,DEMO-BANK-03,an-2,2026-08-29T20:25:00,2026-08-31T16:25:00,genuine
DEMO-BANK-03-A007208-E,DEMO-BANK-03-A007208,DEMO-BANK-03,an-5,2026-08-30T09:42:00,2026-08-31T15:42:00,genuine
DEMO-BANK-03-A007223-E,DEMO-BANK-03-A007223,DEMO-BANK-03,an-2,2026-08-23T19:41:00,2026-08-25T09:41:00,genuine
DEMO-BANK-03-A007229-E,DEMO-BANK-03-A007229,DEMO-BANK-03,an-6,2026-08-24T04:42:00,2026-08-26T02:42:00,genuine
DEMO-BANK-03-A007230-E,DEMO-BANK-03-A007230,DEMO-BANK-03,an-2,2026-08-06T02:05:00,2026-08-08T00:05:00,genuine
DEMO-BANK-03-A007257-E,DEMO-BANK-03-A007257,DEMO-BANK-03,an-1,2026-08-03T21:01:54.554018,2026-08-05T21:01:54.554018,genuine
DEMO-BANK-03-A007258-E,DEMO-BANK-03-A007258,DEMO-BANK-03,an-4,2026-09-29T04:40:00,2026-10-01T00:40:00,genuine
DEMO-BANK-03-A007263-E,DEMO-BANK-03-A007263,DEMO-BANK-03,an-6,2026-08-12T09:17:46.713133,2026-08-14T03:17:46.713133,genuine
DEMO-BANK-03-A007264-E,DEMO-BANK-03-A007264,DEMO-BANK-03,an-3,2026-09-13T00:08:00,2026-09-14T08:08:00,genuine
DEMO-BANK-03-A007267-E,DEMO-BANK-03-A007267,DEMO-BANK-03,an-2,2026-09-21T05:02:00,2026-09-22T13:02:00,genuine
DEMO-BANK-03-A007270-E,DEMO-BANK-03-A007270,DEMO-BANK-03,an-2,2026-08-11T20:14:13.968300,2026-08-13T04:14:13.968300,genuine
DEMO-BANK-03-A007277-E,DEMO-BANK-03-A007277,DEMO-BANK-03,an-3,2026-08-27T19:20:00,2026-08-28T13:20:00,genuine
DEMO-BANK-03-A007285-E,DEMO-BANK-03-A007285,DEMO-BANK-03,an-5,2026-08-13T17:48:00,2026-08-14T05:48:00,genuine
DEMO-BANK-03-A007294-E,DEMO-BANK-03-A007294,DEMO-BANK-03,an-6,2026-08-06T02:46:00,2026-08-07T03:46:00,genuine
DEMO-BANK-03-A007304-E,DEMO-BANK-03-A007304,DEMO-BANK-03,an-1,2026-09-15T22:04:35.321470,2026-09-17T21:04:35.321470,genuine
DEMO-BANK-03-A007321-E,DEMO-BANK-03-A007321,DEMO-BANK-03,an-4,2026-09-04T13:09:00,2026-09-05T21:09:00,genuine
DEMO-BANK-03-A007322-E,DEMO-BANK-03-A007322,DEMO-BANK-03,an-3,2026-09-26T18:30:00,2026-09-28T06:30:00,genuine
DEMO-BANK-03-A007342-E,DEMO-BANK-03-A007342,DEMO-BANK-03,an-6,2026-09-23T16:12:00,2026-09-24T19:12:00,genuine
DEMO-BANK-03-A007343-E,DEMO-BANK-03-A007343,DEMO-BANK-03,an-4,2026-08-14T02:26:00,2026-08-15T22:26:00,genuine
DEMO-BANK-03-A007349-E,DEMO-BANK-03-A007349,DEMO-BANK-03,an-6,2026-08-11T01:29:00,2026-08-12T15:29:00,genuine
DEMO-BANK-03-A007359-E,DEMO-BANK-03-A007359,DEMO-BANK-03,an-3,2026-08-26T21:21:00,2026-08-27T08:21:00,genuine
DEMO-BANK-03-A007366-E,DEMO-BANK-03-A007366,DEMO-BANK-03,an-4,2026-09-16T02:04:00,2026-09-17T02:04:00,genuine
DEMO-BANK-03-A007368-E,DEMO-BANK-03-A007368,DEMO-BANK-03,an-2,2026-08-17T01:22:00,2026-08-19T01:22:00,genuine
DEMO-BANK-03-A007383-E,DEMO-BANK-03-A007383,DEMO-BANK-03,an-4,2026-09-29T10:54:00,2026-09-29T17:54:00,genuine
DEMO-BANK-03-A007392-E,DEMO-BANK-03-A007392,DEMO-BANK-03,an-6,2026-09-02T11:30:00,2026-09-04T03:30:00,genuine
DEMO-BANK-03-A007405-E,DEMO-BANK-03-A007405,DEMO-BANK-03,an-6,2026-08-19T19:23:00,2026-08-20T18:23:00,genuine
DEMO-BANK-03-A007406-E,DEMO-BANK-03-A007406,DEMO-BANK-03,an-3,2026-09-14T12:50:00,2026-09-16T09:50:00,genuine
DEMO-BANK-03-A007411-E,DEMO-BANK-03-A007411,DEMO-BANK-03,an-6,2026-08-04T21:45:00,2026-08-06T04:45:00,genuine
DEMO-BANK-03-A007421-E,DEMO-BANK-03-A007421,DEMO-BANK-03,an-1,2026-09-29T06:33:00,2026-09-30T20:33:00,genuine
DEMO-BANK-03-A007424-E,DEMO-BANK-03-A007424,DEMO-BANK-03,an-4,2026-09-16T09:45:34.760628,2026-09-16T12:45:34.760628,genuine
DEMO-BANK-03-A007426-E,DEMO-BANK-03-A007426,DEMO-BANK-03,an-4,2026-09-09T12:11:00,2026-09-11T03:11:00,genuine
DEMO-BANK-03-A007428-E,DEMO-BANK-03-A007428,DEMO-BANK-03,an-2,2026-08-14T01:57:00,2026-08-15T02:57:00,genuine
DEMO-BANK-03-A007441-E,DEMO-BANK-03-A007441,DEMO-BANK-03,an-3,2026-09-20T09:54:00,2026-09-21T03:54:00,genuine
DEMO-BANK-03-A007442-E,DEMO-BANK-03-A007442,DEMO-BANK-03,an-2,2026-08-04T13:35:00,2026-08-05T12:35:00,genuine
DEMO-BANK-03-A007451-E,DEMO-BANK-03-A007451,DEMO-BANK-03,an-2,2026-09-21T13:11:00,2026-09-22T18:11:00,genuine
DEMO-BANK-03-A007472-E,DEMO-BANK-03-A007472,DEMO-BANK-03,an-3,2026-08-16T22:52:00,2026-08-18T10:52:00,genuine
DEMO-BANK-03-A007473-E,DEMO-BANK-03-A007473,DEMO-BANK-03,an-5,2026-09-06T09:58:13.302445,2026-09-07T07:58:13.302445,genuine
DEMO-BANK-03-A007475-E,DEMO-BANK-03-A007475,DEMO-BANK-03,an-5,2026-08-18T22:31:00,2026-08-20T14:31:00,genuine
DEMO-BANK-03-A007483-E,DEMO-BANK-03-A007483,DEMO-BANK-03,an-1,2026-09-07T05:03:20.042380,2026-09-07T07:03:20.042380,genuine
DEMO-BANK-03-A007485-E,DEMO-BANK-03-A007485,DEMO-BANK-03,an-3,2026-08-20T07:24:00,2026-08-21T09:24:00,genuine
DEMO-BANK-03-A007486-E,DEMO-BANK-03-A007486,DEMO-BANK-03,an-1,2026-08-28T17:53:00,2026-08-29T06:53:00,genuine
DEMO-BANK-03-A007488-E,DEMO-BANK-03-A007488,DEMO-BANK-03,an-2,2026-09-20T09:39:51.039078,2026-09-20T16:39:51.039078,genuine
DEMO-BANK-03-A007500-E,DEMO-BANK-03-A007500,DEMO-BANK-03,an-2,2026-09-27T03:43:00,2026-09-27T23:43:00,genuine
DEMO-BANK-04-A007527-E,DEMO-BANK-04-A007527,DEMO-BANK-04,an-3,2026-09-15T12:29:08.807571,2026-09-16T08:29:08.807571,genuine
DEMO-BANK-04-A007537-E,DEMO-BANK-04-A007537,DEMO-BANK-04,an-2,2026-08-10T03:54:28.826009,2026-08-11T07:54:28.826009,genuine
DEMO-BANK-04-A007577-E,DEMO-BANK-04-A007577,DEMO-BANK-04,an-5,2026-09-01T18:08:46.680055,2026-09-01T20:08:46.680055,genuine
DEMO-BANK-04-A007589-E,DEMO-BANK-04-A007589,DEMO-BANK-04,an-5,2026-08-02T06:50:07.024928,2026-08-04T03:50:07.024928,genuine
DEMO-BANK-04-A007629-E,DEMO-BANK-04-A007629,DEMO-BANK-04,an-3,2026-09-07T15:31:48.959497,2026-09-09T11:31:48.959497,genuine
DEMO-BANK-04-A007638-E,DEMO-BANK-04-A007638,DEMO-BANK-04,an-4,2026-08-19T20:29:30.335138,2026-08-21T04:29:30.335138,genuine
DEMO-BANK-04-A007645-E,DEMO-BANK-04-A007645,DEMO-BANK-04,an-6,2026-09-03T20:49:02.749680,2026-09-04T09:49:02.749680,genuine
DEMO-BANK-04-A007647-E,DEMO-BANK-04-A007647,DEMO-BANK-04,an-2,2026-09-23T07:37:36.358757,2026-09-23T17:37:36.358757,genuine
DEMO-BANK-04-A007650-E,DEMO-BANK-04-A007650,DEMO-BANK-04,an-3,2026-08-13T17:20:46.825066,2026-08-13T21:20:46.825066,genuine
DEMO-BANK-04-A007695-E,DEMO-BANK-04-A007695,DEMO-BANK-04,an-2,2026-08-26T21:13:02.250263,2026-08-27T01:13:02.250263,genuine
DEMO-BANK-04-A007707-E,DEMO-BANK-04-A007707,DEMO-BANK-04,an-3,2026-09-18T21:42:14.103221,2026-09-19T00:42:14.103221,genuine
DEMO-BANK-04-A007717-E,DEMO-BANK-04-A007717,DEMO-BANK-04,an-5,2026-08-05T22:33:03.678196,2026-08-07T18:33:03.678196,genuine
DEMO-BANK-04-A007725-E,DEMO-BANK-04-A007725,DEMO-BANK-04,an-2,2026-08-23T09:10:16.050609,2026-08-24T17:10:16.050609,genuine
DEMO-BANK-04-A007744-E,DEMO-BANK-04-A007744,DEMO-BANK-04,an-2,2026-08-15T03:47:47.974279,2026-08-15T13:47:47.974279,genuine
DEMO-BANK-04-A007764-E,DEMO-BANK-04-A007764,DEMO-BANK-04,an-6,2026-08-18T01:24:09.588672,2026-08-19T00:24:09.588672,genuine
DEMO-BANK-04-A007773-E,DEMO-BANK-04-A007773,DEMO-BANK-04,an-3,2026-09-01T16:33:00.665663,2026-09-02T23:33:00.665663,genuine
DEMO-BANK-04-A007778-E,DEMO-BANK-04-A007778,DEMO-BANK-04,an-3,2026-09-16T15:12:05.915137,2026-09-17T07:12:05.915137,genuine
DEMO-BANK-04-A007779-E,DEMO-BANK-04-A007779,DEMO-BANK-04,an-3,2026-08-25T00:08:24.258760,2026-08-25T21:08:24.258760,genuine
DEMO-BANK-04-A007784-E,DEMO-BANK-04-A007784,DEMO-BANK-04,an-6,2026-08-18T08:39:04.296962,2026-08-18T13:39:04.296962,genuine
DEMO-BANK-04-A007813-E,DEMO-BANK-04-A007813,DEMO-BANK-04,an-4,2026-08-12T15:02:40.554465,2026-08-13T12:02:40.554465,genuine
DEMO-BANK-04-A007827-E,DEMO-BANK-04-A007827,DEMO-BANK-04,an-3,2026-08-08T14:06:45.500563,2026-08-09T14:06:45.500563,genuine
DEMO-BANK-04-A007830-E,DEMO-BANK-04-A007830,DEMO-BANK-04,an-6,2026-08-21T02:43:06.053429,2026-08-21T04:43:06.053429,genuine
DEMO-BANK-04-A007831-E,DEMO-BANK-04-A007831,DEMO-BANK-04,an-1,2026-09-03T14:34:05.451890,2026-09-04T08:34:05.451890,genuine
DEMO-BANK-04-A007869-E,DEMO-BANK-04-A007869,DEMO-BANK-04,an-1,2026-07-31T22:44:57.724825,2026-08-02T10:44:57.724825,genuine
DEMO-BANK-04-A007871-E,DEMO-BANK-04-A007871,DEMO-BANK-04,an-4,2026-08-23T23:37:15.016228,2026-08-24T17:37:15.016228,genuine
DEMO-BANK-04-A007882-E,DEMO-BANK-04-A007882,DEMO-BANK-04,an-1,2026-09-15T22:21:19.129912,2026-09-17T09:21:19.129912,genuine
DEMO-BANK-04-A007887-E,DEMO-BANK-04-A007887,DEMO-BANK-04,an-6,2026-09-08T22:04:44.456752,2026-09-09T11:04:44.456752,genuine
DEMO-BANK-04-A007896-E,DEMO-BANK-04-A007896,DEMO-BANK-04,an-1,2026-09-06T10:16:33.621436,2026-09-07T01:16:33.621436,genuine
DEMO-BANK-04-A007942-E,DEMO-BANK-04-A007942,DEMO-BANK-04,an-2,2026-08-29T09:51:56.086665,2026-08-30T11:51:56.086665,genuine
DEMO-BANK-04-A007945-E,DEMO-BANK-04-A007945,DEMO-BANK-04,an-2,2026-09-02T21:51:02.172661,2026-09-03T14:51:02.172661,genuine
DEMO-BANK-04-A007949-E,DEMO-BANK-04-A007949,DEMO-BANK-04,an-4,2026-08-15T10:50:30.479387,2026-08-16T18:50:30.479387,genuine
DEMO-BANK-04-A007957-E,DEMO-BANK-04-A007957,DEMO-BANK-04,an-4,2026-09-11T20:16:41.383803,2026-09-12T02:16:41.383803,genuine
DEMO-BANK-04-A007961-E,DEMO-BANK-04-A007961,DEMO-BANK-04,an-4,2026-09-09T20:39:03.989237,2026-09-11T20:39:03.989237,genuine
DEMO-BANK-04-A007967-E,DEMO-BANK-04-A007967,DEMO-BANK-04,an-4,2026-08-11T02:05:15.018617,2026-08-11T08:05:15.018617,genuine
DEMO-BANK-04-A007976-E,DEMO-BANK-04-A007976,DEMO-BANK-04,an-5,2026-08-26T23:51:35.572905,2026-08-28T18:51:35.572905,genuine
DEMO-BANK-04-A008047-E,DEMO-BANK-04-A008047,DEMO-BANK-04,an-6,2026-09-10T22:42:14.916008,2026-09-11T16:42:14.916008,genuine
DEMO-BANK-04-A008053-E,DEMO-BANK-04-A008053,DEMO-BANK-04,an-5,2026-09-23T22:49:12.113100,2026-09-24T22:49:12.113100,genuine
DEMO-BANK-04-A008078-E,DEMO-BANK-04-A008078,DEMO-BANK-04,an-5,2026-08-14T11:26:36.389523,2026-08-16T10:26:36.389523,genuine
DEMO-BANK-04-A008084-E,DEMO-BANK-04-A008084,DEMO-BANK-04,an-5,2026-08-30T19:51:09.480482,2026-08-31T20:51:09.480482,genuine
DEMO-BANK-04-A008095-E,DEMO-BANK-04-A008095,DEMO-BANK-04,an-6,2026-09-03T04:33:11.112051,2026-09-05T04:33:11.112051,genuine
DEMO-BANK-04-A008128-E,DEMO-BANK-04-A008128,DEMO-BANK-04,an-2,2026-09-26T10:37:34.287994,2026-09-26T23:37:34.287994,genuine
DEMO-BANK-04-A008147-E,DEMO-BANK-04-A008147,DEMO-BANK-04,an-1,2026-08-12T20:43:15.485093,2026-08-14T04:43:15.485093,genuine
DEMO-BANK-04-A008150-E,DEMO-BANK-04-A008150,DEMO-BANK-04,an-1,2026-08-05T04:55:16.683794,2026-08-06T01:55:16.683794,genuine
DEMO-BANK-04-A008171-E,DEMO-BANK-04-A008171,DEMO-BANK-04,an-3,2026-09-06T00:17:29.436947,2026-09-06T22:17:29.436947,genuine
DEMO-BANK-04-A008172-E,DEMO-BANK-04-A008172,DEMO-BANK-04,an-1,2026-08-21T14:33:37.313792,2026-08-22T01:33:37.313792,genuine
DEMO-BANK-04-A008196-E,DEMO-BANK-04-A008196,DEMO-BANK-04,an-6,2026-08-16T07:54:31.421810,2026-08-17T03:54:31.421810,genuine
DEMO-BANK-04-A008198-E,DEMO-BANK-04-A008198,DEMO-BANK-04,an-3,2026-09-10T12:34:45.406006,2026-09-11T12:34:45.406006,genuine
DEMO-BANK-04-A008204-E,DEMO-BANK-04-A008204,DEMO-BANK-04,an-5,2026-09-21T22:52:11.371869,2026-09-23T14:52:11.371869,genuine
DEMO-BANK-04-A008214-E,DEMO-BANK-04-A008214,DEMO-BANK-04,an-5,2026-08-10T03:17:25.494158,2026-08-10T18:17:25.494158,genuine
DEMO-BANK-04-A008236-E,DEMO-BANK-04-A008236,DEMO-BANK-04,an-2,2026-08-16T05:52:34.585979,2026-08-17T03:52:34.585979,genuine
DEMO-BANK-04-A008321-E,DEMO-BANK-04-A008321,DEMO-BANK-04,an-6,2026-09-08T22:16:15.923117,2026-09-10T18:16:15.923117,genuine
DEMO-BANK-04-A008349-E,DEMO-BANK-04-A008349,DEMO-BANK-04,an-4,2026-08-27T09:52:09.924806,2026-08-28T15:52:09.924806,genuine
DEMO-BANK-04-A008359-E,DEMO-BANK-04-A008359,DEMO-BANK-04,an-4,2026-09-20T18:29:46.011502,2026-09-21T15:29:46.011502,genuine
DEMO-BANK-04-A008370-E,DEMO-BANK-04-A008370,DEMO-BANK-04,an-4,2026-09-13T08:27:14.411770,2026-09-14T02:27:14.411770,genuine
DEMO-BANK-04-A008390-E,DEMO-BANK-04-A008390,DEMO-BANK-04,an-4,2026-09-09T05:46:53.093591,2026-09-09T06:46:53.093591,genuine
DEMO-BANK-04-A008401-E,DEMO-BANK-04-A008401,DEMO-BANK-04,an-4,2026-09-18T21:12:07.604607,2026-09-20T12:12:07.604607,genuine
DEMO-BANK-04-A008407-E,DEMO-BANK-04-A008407,DEMO-BANK-04,an-2,2026-09-08T10:27:01.041974,2026-09-08T13:27:01.041974,genuine
DEMO-BANK-04-A008426-E,DEMO-BANK-04-A008426,DEMO-BANK-04,an-3,2026-08-28T04:44:11.461041,2026-08-29T00:44:11.461041,genuine
DEMO-BANK-04-A008461-E,DEMO-BANK-04-A008461,DEMO-BANK-04,an-6,2026-08-01T16:50:02.092115,2026-08-02T16:50:02.092115,genuine
DEMO-BANK-04-A008471-E,DEMO-BANK-04-A008471,DEMO-BANK-04,an-6,2026-08-22T04:59:11.378241,2026-08-23T15:59:11.378241,genuine
DEMO-BANK-04-A008473-E,DEMO-BANK-04-A008473,DEMO-BANK-04,an-2,2026-09-12T20:05:52.901320,2026-09-13T05:05:52.901320,genuine
DEMO-BANK-04-A008485-E,DEMO-BANK-04-A008485,DEMO-BANK-04,an-1,2026-08-12T14:35:02.861860,2026-08-13T07:35:02.861860,genuine
DEMO-BANK-04-A008491-E,DEMO-BANK-04-A008491,DEMO-BANK-04,an-1,2026-09-04T02:49:15.688617,2026-09-05T09:49:15.688617,genuine
DEMO-BANK-04-A008500-E,DEMO-BANK-04-A008500,DEMO-BANK-04,an-2,2026-09-18T00:04:56.116470,2026-09-18T20:04:56.116470,genuine
DEMO-BANK-04-A008503-E,DEMO-BANK-04-A008503,DEMO-BANK-04,an-2,2026-09-01T19:44:37.394632,2026-09-02T18:44:37.394632,genuine
DEMO-BANK-04-A008522-E,DEMO-BANK-04-A008522,DEMO-BANK-04,an-1,2026-09-09T16:40:50.955576,2026-09-10T00:40:50.955576,genuine
DEMO-BANK-04-A008540-E,DEMO-BANK-04-A008540,DEMO-BANK-04,an-1,2026-08-05T22:24:33.498991,2026-08-07T18:24:33.498991,genuine
DEMO-BANK-04-A008582-E,DEMO-BANK-04-A008582,DEMO-BANK-04,an-2,2026-09-22T13:32:36.488926,2026-09-24T05:32:36.488926,genuine
DEMO-BANK-04-A008607-E,DEMO-BANK-04-A008607,DEMO-BANK-04,an-4,2026-08-21T09:20:32.074098,2026-08-22T06:20:32.074098,genuine
DEMO-BANK-04-A008616-E,DEMO-BANK-04-A008616,DEMO-BANK-04,an-1,2026-08-31T19:06:06.110849,2026-09-02T04:06:06.110849,genuine
DEMO-BANK-04-A008623-E,DEMO-BANK-04-A008623,DEMO-BANK-04,an-3,2026-09-02T13:35:07.118054,2026-09-04T09:35:07.118054,genuine
DEMO-BANK-04-A008634-E,DEMO-BANK-04-A008634,DEMO-BANK-04,an-4,2026-08-19T14:25:28.166637,2026-08-21T09:25:28.166637,genuine
DEMO-BANK-04-A008650-E,DEMO-BANK-04-A008650,DEMO-BANK-04,an-6,2026-08-31T07:11:51.955053,2026-08-31T22:11:51.955053,genuine
DEMO-BANK-04-A008662-E,DEMO-BANK-04-A008662,DEMO-BANK-04,an-3,2026-08-16T20:36:56.171616,2026-08-17T23:36:56.171616,genuine
DEMO-BANK-04-A008704-E,DEMO-BANK-04-A008704,DEMO-BANK-04,an-4,2026-08-07T18:15:41.995417,2026-08-08T19:15:41.995417,genuine
DEMO-BANK-04-A008716-E,DEMO-BANK-04-A008716,DEMO-BANK-04,an-1,2026-08-01T15:49:56.452892,2026-08-02T18:49:56.452892,genuine
DEMO-BANK-04-A008719-E,DEMO-BANK-04-A008719,DEMO-BANK-04,an-6,2026-08-19T11:42:25.178864,2026-08-19T16:42:25.178864,genuine
DEMO-BANK-04-A008720-E,DEMO-BANK-04-A008720,DEMO-BANK-04,an-6,2026-08-15T17:53:34.854908,2026-08-16T19:53:34.854908,genuine
DEMO-BANK-04-A008759-E,DEMO-BANK-04-A008759,DEMO-BANK-04,an-6,2026-08-02T19:15:51.033670,2026-08-02T23:15:51.033670,genuine
DEMO-BANK-04-A008782-E,DEMO-BANK-04-A008782,DEMO-BANK-04,an-1,2026-09-09T00:23:33.512576,2026-09-10T16:23:33.512576,genuine
DEMO-BANK-04-A008783-E,DEMO-BANK-04-A008783,DEMO-BANK-04,an-2,2026-09-17T14:09:07.855314,2026-09-19T11:09:07.855314,genuine
DEMO-BANK-04-A008786-E,DEMO-BANK-04-A008786,DEMO-BANK-04,an-1,2026-09-14T16:32:03.937654,2026-09-15T19:32:03.937654,genuine
DEMO-BANK-04-A008794-E,DEMO-BANK-04-A008794,DEMO-BANK-04,an-1,2026-08-17T08:00:21.968247,2026-08-17T14:00:21.968247,genuine
DEMO-BANK-04-A008798-E,DEMO-BANK-04-A008798,DEMO-BANK-04,an-5,2026-08-06T15:44:49.702049,2026-08-06T19:44:49.702049,genuine
DEMO-BANK-04-A008809-E,DEMO-BANK-04-A008809,DEMO-BANK-04,an-1,2026-09-11T07:21:33.415862,2026-09-12T12:21:33.415862,genuine
DEMO-BANK-04-A008828-E,DEMO-BANK-04-A008828,DEMO-BANK-04,an-3,2026-08-31T20:32:11.053476,2026-09-01T14:32:11.053476,genuine
DEMO-BANK-04-A008853-E,DEMO-BANK-04-A008853,DEMO-BANK-04,an-4,2026-09-24T21:15:58.457784,2026-09-25T10:15:58.457784,genuine
DEMO-BANK-04-A008872-E,DEMO-BANK-04-A008872,DEMO-BANK-04,an-5,2026-08-13T15:10:52.493015,2026-08-15T06:10:52.493015,genuine
DEMO-BANK-04-A008875-E,DEMO-BANK-04-A008875,DEMO-BANK-04,an-5,2026-08-18T18:56:14.560310,2026-08-19T18:56:14.560310,genuine
DEMO-BANK-04-A008876-E,DEMO-BANK-04-A008876,DEMO-BANK-04,an-4,2026-09-11T17:22:40.149006,2026-09-11T21:22:40.149006,genuine
DEMO-BANK-04-A008878-E,DEMO-BANK-04-A008878,DEMO-BANK-04,an-4,2026-08-27T06:23:59.983060,2026-08-28T03:23:59.983060,genuine
DEMO-BANK-04-A008882-E,DEMO-BANK-04-A008882,DEMO-BANK-04,an-4,2026-08-04T23:01:29.225340,2026-08-06T07:01:29.225340,genuine
DEMO-BANK-04-A008885-E,DEMO-BANK-04-A008885,DEMO-BANK-04,an-4,2026-09-17T16:57:46.377552,2026-09-19T02:57:46.377552,genuine
DEMO-BANK-04-A008889-E,DEMO-BANK-04-A008889,DEMO-BANK-04,an-1,2026-08-22T22:57:52.679232,2026-08-24T08:57:52.679232,genuine
DEMO-BANK-04-A008904-E,DEMO-BANK-04-A008904,DEMO-BANK-04,an-2,2026-09-21T08:51:18.374323,2026-09-21T22:51:18.374323,genuine
DEMO-BANK-04-A008914-E,DEMO-BANK-04-A008914,DEMO-BANK-04,an-1,2026-09-17T16:14:19.408481,2026-09-18T08:14:19.408481,genuine
DEMO-BANK-04-A008933-E,DEMO-BANK-04-A008933,DEMO-BANK-04,an-4,2026-09-01T10:03:25.857627,2026-09-02T05:03:25.857627,genuine
DEMO-BANK-04-A008937-E,DEMO-BANK-04-A008937,DEMO-BANK-04,an-1,2026-08-02T05:35:06.570441,2026-08-02T10:35:06.570441,genuine
DEMO-BANK-04-A008939-E,DEMO-BANK-04-A008939,DEMO-BANK-04,an-2,2026-08-16T03:32:18.824208,2026-08-17T07:32:18.824208,genuine
DEMO-BANK-04-A008942-E,DEMO-BANK-04-A008942,DEMO-BANK-04,an-6,2026-08-14T00:12:55.472220,2026-08-15T09:12:55.472220,genuine
DEMO-BANK-04-A008983-E,DEMO-BANK-04-A008983,DEMO-BANK-04,an-4,2026-09-01T09:41:28.299151,2026-09-02T17:41:28.299151,genuine
DEMO-BANK-04-A009022-E,DEMO-BANK-04-A009022,DEMO-BANK-04,an-6,2026-09-02T00:49:46.215315,2026-09-03T08:49:46.215315,genuine
DEMO-BANK-04-A009038-E,DEMO-BANK-04-A009038,DEMO-BANK-04,an-4,2026-09-15T15:50:35.218017,2026-09-17T03:50:35.218017,genuine
DEMO-BANK-04-A009047-E,DEMO-BANK-04-A009047,DEMO-BANK-04,an-5,2026-08-26T17:44:19.139198,2026-08-27T05:44:19.139198,genuine
DEMO-BANK-04-A009069-E,DEMO-BANK-04-A009069,DEMO-BANK-04,an-6,2026-09-10T20:37:48.608126,2026-09-11T11:37:48.608126,genuine
DEMO-BANK-04-A009079-E,DEMO-BANK-04-A009079,DEMO-BANK-04,an-4,2026-09-20T21:36:03.271008,2026-09-20T22:36:03.271008,genuine
DEMO-BANK-04-A009082-E,DEMO-BANK-04-A009082,DEMO-BANK-04,an-1,2026-08-18T01:36:08.299083,2026-08-18T16:36:08.299083,genuine
DEMO-BANK-04-A009093-E,DEMO-BANK-04-A009093,DEMO-BANK-04,an-3,2026-08-12T20:53:16.379127,2026-08-13T00:53:16.379127,genuine
DEMO-BANK-04-A009099-E,DEMO-BANK-04-A009099,DEMO-BANK-04,an-3,2026-08-09T17:41:40.781142,2026-08-10T01:41:40.781142,genuine
DEMO-BANK-04-A009122-E,DEMO-BANK-04-A009122,DEMO-BANK-04,an-3,2026-09-18T03:16:53.062112,2026-09-19T06:16:53.062112,genuine
DEMO-BANK-04-A009131-E,DEMO-BANK-04-A009131,DEMO-BANK-04,an-4,2026-09-01T11:07:48.509552,2026-09-01T13:07:48.509552,genuine
DEMO-BANK-04-A009181-E,DEMO-BANK-04-A009181,DEMO-BANK-04,an-3,2026-09-17T21:50:24.221707,2026-09-18T20:50:24.221707,genuine
DEMO-BANK-04-A009192-E,DEMO-BANK-04-A009192,DEMO-BANK-04,an-4,2026-08-15T16:25:11.867044,2026-08-17T15:25:11.867044,genuine
DEMO-BANK-04-A009205-E,DEMO-BANK-04-A009205,DEMO-BANK-04,an-3,2026-08-17T13:58:52.566532,2026-08-18T14:58:52.566532,genuine
DEMO-BANK-04-A009208-E,DEMO-BANK-04-A009208,DEMO-BANK-04,an-1,2026-08-16T15:57:28.654048,2026-08-18T08:57:28.654048,genuine
DEMO-BANK-04-A009224-E,DEMO-BANK-04-A009224,DEMO-BANK-04,an-1,2026-09-19T19:21:40.105149,2026-09-21T09:21:40.105149,genuine
DEMO-BANK-04-A009228-E,DEMO-BANK-04-A009228,DEMO-BANK-04,an-6,2026-08-03T02:12:15.124921,2026-08-04T21:12:15.124921,genuine
DEMO-BANK-04-A009250-E,DEMO-BANK-04-A009250,DEMO-BANK-04,an-2,2026-09-20T00:32:29.701232,2026-09-21T16:32:29.701232,genuine
DEMO-BANK-04-A009282-E,DEMO-BANK-04-A009282,DEMO-BANK-04,an-1,2026-08-16T21:18:54.506358,2026-08-17T06:18:54.506358,genuine
DEMO-BANK-04-A009294-E,DEMO-BANK-04-A009294,DEMO-BANK-04,an-4,2026-08-01T23:59:15.569588,2026-08-03T14:59:15.569588,genuine
DEMO-BANK-04-A009313-E,DEMO-BANK-04-A009313,DEMO-BANK-04,an-5,2026-09-21T11:21:36.914526,2026-09-22T20:21:36.914526,genuine
DEMO-BANK-04-A009351-E,DEMO-BANK-04-A009351,DEMO-BANK-04,an-1,2026-08-14T06:48:19.855710,2026-08-14T23:48:19.855710,genuine
DEMO-BANK-04-A009360-E,DEMO-BANK-04-A009360,DEMO-BANK-04,an-1,2026-08-11T07:00:45.776036,2026-08-13T03:00:45.776036,genuine
DEMO-BANK-04-A009361-E,DEMO-BANK-04-A009361,DEMO-BANK-04,an-6,2026-08-15T03:11:48.376840,2026-08-15T11:11:48.376840,genuine
DEMO-BANK-04-A009383-E,DEMO-BANK-04-A009383,DEMO-BANK-04,an-4,2026-08-21T03:01:23.879348,2026-08-22T07:01:23.879348,genuine
DEMO-BANK-04-A009397-E,DEMO-BANK-04-A009397,DEMO-BANK-04,an-2,2026-09-17T11:34:02.379203,2026-09-17T13:34:02.379203,genuine
DEMO-BANK-04-A009477-E,DEMO-BANK-04-A009477,DEMO-BANK-04,an-6,2026-09-09T08:46:07.430538,2026-09-11T03:46:07.430538,genuine
DEMO-BANK-04-A009515-E,DEMO-BANK-04-A009515,DEMO-BANK-04,an-5,2026-09-14T12:27:20.593573,2026-09-15T06:27:20.593573,genuine
DEMO-BANK-04-A009519-E,DEMO-BANK-04-A009519,DEMO-BANK-04,an-5,2026-09-13T01:35:20.118937,2026-09-14T03:35:20.118937,genuine
DEMO-BANK-04-A009527-E,DEMO-BANK-04-A009527,DEMO-BANK-04,an-5,2026-09-22T02:35:18.323337,2026-09-23T02:35:18.323337,genuine
DEMO-BANK-04-A009551-E,DEMO-BANK-04-A009551,DEMO-BANK-04,an-4,2026-08-04T10:49:04.861532,2026-08-06T02:49:04.861532,genuine
DEMO-BANK-04-A009561-E,DEMO-BANK-04-A009561,DEMO-BANK-04,an-3,2026-08-12T18:55:11.789399,2026-08-14T04:55:11.789399,genuine
DEMO-BANK-04-A009581-E,DEMO-BANK-04-A009581,DEMO-BANK-04,an-3,2026-09-09T10:12:14.942193,2026-09-10T19:12:14.942193,genuine
DEMO-BANK-04-A009593-E,DEMO-BANK-04-A009593,DEMO-BANK-04,an-4,2026-09-12T10:33:37.090655,2026-09-13T10:33:37.090655,genuine
DEMO-BANK-04-A009630-E,DEMO-BANK-04-A009630,DEMO-BANK-04,an-2,2026-08-05T18:25:39.880355,2026-08-05T22:25:39.880355,genuine
DEMO-BANK-04-A009640-E,DEMO-BANK-04-A009640,DEMO-BANK-04,an-4,2026-09-02T19:03:06.731121,2026-09-04T07:03:06.731121,genuine
DEMO-BANK-04-A009646-E,DEMO-BANK-04-A009646,DEMO-BANK-04,an-2,2026-09-07T07:52:48.319981,2026-09-07T17:52:48.319981,genuine
DEMO-BANK-04-A009676-E,DEMO-BANK-04-A009676,DEMO-BANK-04,an-3,2026-08-08T21:31:25.915406,2026-08-10T03:31:25.915406,genuine
DEMO-BANK-04-A009678-E,DEMO-BANK-04-A009678,DEMO-BANK-04,an-3,2026-09-14T22:07:09.946243,2026-09-16T18:07:09.946243,genuine
DEMO-BANK-04-A009687-E,DEMO-BANK-04-A009687,DEMO-BANK-04,an-5,2026-08-03T15:03:29.170618,2026-08-04T03:03:29.170618,genuine
DEMO-BANK-04-A009691-E,DEMO-BANK-04-A009691,DEMO-BANK-04,an-4,2026-08-13T18:49:33.718803,2026-08-14T07:49:33.718803,genuine
DEMO-BANK-04-A009704-E,DEMO-BANK-04-A009704,DEMO-BANK-04,an-5,2026-09-15T12:47:15.991221,2026-09-17T00:47:15.991221,genuine
DEMO-BANK-04-A009706-E,DEMO-BANK-04-A009706,DEMO-BANK-04,an-5,2026-08-22T23:38:44.059629,2026-08-23T13:38:44.059629,genuine
DEMO-BANK-04-A009722-E,DEMO-BANK-04-A009722,DEMO-BANK-04,an-2,2026-08-04T15:32:25.410052,2026-08-05T23:32:25.410052,genuine
DEMO-BANK-04-A009724-E,DEMO-BANK-04-A009724,DEMO-BANK-04,an-1,2026-09-20T04:31:26.425693,2026-09-20T15:31:26.425693,genuine
DEMO-BANK-04-A009758-E,DEMO-BANK-04-A009758,DEMO-BANK-04,an-1,2026-08-20T16:13:54.973153,2026-08-22T01:13:54.973153,genuine
DEMO-BANK-04-A009763-E,DEMO-BANK-04-A009763,DEMO-BANK-04,an-5,2026-08-10T22:40:18.374383,2026-08-12T10:40:18.374383,genuine
DEMO-BANK-05-A009786-E,DEMO-BANK-05-A009786,DEMO-BANK-05,an-1,2026-08-12T22:35:26.419029,2026-08-14T19:35:26.419029,genuine
DEMO-BANK-05-A009790-E,DEMO-BANK-05-A009790,DEMO-BANK-05,an-2,2026-09-19T09:13:59.041162,2026-09-21T04:13:59.041162,genuine
DEMO-BANK-05-A009807-E,DEMO-BANK-05-A009807,DEMO-BANK-05,an-6,2026-09-25T07:27:51.218672,2026-09-26T20:27:51.218672,genuine
DEMO-BANK-05-A009818-E,DEMO-BANK-05-A009818,DEMO-BANK-05,an-3,2026-08-21T07:01:37.807000,2026-08-23T01:01:37.807000,genuine
DEMO-BANK-05-A009872-E,DEMO-BANK-05-A009872,DEMO-BANK-05,an-2,2026-08-29T23:43:59.931347,2026-08-31T00:43:59.931347,genuine
DEMO-BANK-05-A009875-E,DEMO-BANK-05-A009875,DEMO-BANK-05,an-5,2026-08-25T01:35:21.798988,2026-08-25T19:35:21.798988,genuine
DEMO-BANK-05-A009893-E,DEMO-BANK-05-A009893,DEMO-BANK-05,an-2,2026-09-24T21:28:52.049099,2026-09-25T21:28:52.049099,genuine
DEMO-BANK-05-A009904-E,DEMO-BANK-05-A009904,DEMO-BANK-05,an-6,2026-08-03T12:21:53.493966,2026-08-04T14:21:53.493966,genuine
DEMO-BANK-05-A009910-E,DEMO-BANK-05-A009910,DEMO-BANK-05,an-6,2026-08-25T02:01:39.860472,2026-08-25T05:01:39.860472,genuine
DEMO-BANK-05-A009911-E,DEMO-BANK-05-A009911,DEMO-BANK-05,an-5,2026-09-21T14:50:11.131456,2026-09-22T04:50:11.131456,genuine
DEMO-BANK-05-A009928-E,DEMO-BANK-05-A009928,DEMO-BANK-05,an-5,2026-09-26T22:13:36.895002,2026-09-27T20:13:36.895002,genuine
DEMO-BANK-05-A009950-E,DEMO-BANK-05-A009950,DEMO-BANK-05,an-5,2026-08-23T15:38:02.349099,2026-08-23T18:38:02.349099,genuine
DEMO-BANK-05-A009951-E,DEMO-BANK-05-A009951,DEMO-BANK-05,an-6,2026-09-08T19:15:40.449692,2026-09-09T16:15:40.449692,genuine
DEMO-BANK-05-A009955-E,DEMO-BANK-05-A009955,DEMO-BANK-05,an-2,2026-09-04T03:50:40.732247,2026-09-05T11:50:40.732247,genuine
DEMO-BANK-05-A009965-E,DEMO-BANK-05-A009965,DEMO-BANK-05,an-3,2026-09-12T23:29:54.321203,2026-09-14T16:29:54.321203,genuine
DEMO-BANK-05-A010014-E,DEMO-BANK-05-A010014,DEMO-BANK-05,an-2,2026-09-17T21:53:55.621729,2026-09-18T21:53:55.621729,genuine
DEMO-BANK-05-A010023-E,DEMO-BANK-05-A010023,DEMO-BANK-05,an-1,2026-08-16T11:46:58.496519,2026-08-18T06:46:58.496519,genuine
DEMO-BANK-05-A010025-E,DEMO-BANK-05-A010025,DEMO-BANK-05,an-1,2026-08-18T10:27:43.426269,2026-08-19T02:27:43.426269,genuine
DEMO-BANK-05-A010033-E,DEMO-BANK-05-A010033,DEMO-BANK-05,an-3,2026-09-21T22:05:18.725437,2026-09-23T15:05:18.725437,genuine
DEMO-BANK-05-A010035-E,DEMO-BANK-05-A010035,DEMO-BANK-05,an-6,2026-09-28T16:04:16.802930,2026-09-28T18:04:16.802930,genuine
DEMO-BANK-05-A010062-E,DEMO-BANK-05-A010062,DEMO-BANK-05,an-1,2026-09-04T11:41:09.417488,2026-09-04T16:41:09.417488,genuine
DEMO-BANK-05-A010069-E,DEMO-BANK-05-A010069,DEMO-BANK-05,an-3,2026-09-02T17:38:54.536726,2026-09-03T05:38:54.536726,genuine
DEMO-BANK-05-A010071-E,DEMO-BANK-05-A010071,DEMO-BANK-05,an-4,2026-09-08T05:57:02.008661,2026-09-10T00:57:02.008661,genuine
DEMO-BANK-05-A010076-E,DEMO-BANK-05-A010076,DEMO-BANK-05,an-6,2026-08-30T07:09:51.070739,2026-08-31T09:09:51.070739,genuine
DEMO-BANK-05-A010081-E,DEMO-BANK-05-A010081,DEMO-BANK-05,an-3,2026-08-04T00:51:52.599201,2026-08-05T00:51:52.599201,genuine
DEMO-BANK-05-A010089-E,DEMO-BANK-05-A010089,DEMO-BANK-05,an-1,2026-08-18T16:17:20.165494,2026-08-20T09:17:20.165494,genuine
DEMO-BANK-05-A010102-E,DEMO-BANK-05-A010102,DEMO-BANK-05,an-5,2026-08-26T02:17:37.702794,2026-08-26T13:17:37.702794,genuine
DEMO-BANK-05-A010128-E,DEMO-BANK-05-A010128,DEMO-BANK-05,an-5,2026-09-22T02:33:59.600244,2026-09-22T05:33:59.600244,genuine
DEMO-BANK-05-A010137-E,DEMO-BANK-05-A010137,DEMO-BANK-05,an-4,2026-08-09T20:55:41.443029,2026-08-11T00:55:41.443029,genuine
DEMO-BANK-05-A010139-E,DEMO-BANK-05-A010139,DEMO-BANK-05,an-4,2026-08-03T16:18:24.901309,2026-08-04T14:18:24.901309,genuine
DEMO-BANK-05-A010148-E,DEMO-BANK-05-A010148,DEMO-BANK-05,an-5,2026-08-09T20:12:52.161175,2026-08-11T14:12:52.161175,genuine
DEMO-BANK-05-A010151-E,DEMO-BANK-05-A010151,DEMO-BANK-05,an-6,2026-08-25T02:54:32.743713,2026-08-25T14:54:32.743713,genuine
DEMO-BANK-05-A010152-E,DEMO-BANK-05-A010152,DEMO-BANK-05,an-1,2026-08-14T15:04:30.740752,2026-08-16T09:04:30.740752,genuine
DEMO-BANK-05-A010175-E,DEMO-BANK-05-A010175,DEMO-BANK-05,an-3,2026-08-22T00:18:00.667287,2026-08-23T19:18:00.667287,genuine
DEMO-BANK-05-A010191-E,DEMO-BANK-05-A010191,DEMO-BANK-05,an-5,2026-09-04T14:18:23.323871,2026-09-04T20:18:23.323871,genuine
DEMO-BANK-05-A010194-E,DEMO-BANK-05-A010194,DEMO-BANK-05,an-2,2026-09-12T13:19:40.216162,2026-09-14T08:19:40.216162,genuine
DEMO-BANK-05-A010213-E,DEMO-BANK-05-A010213,DEMO-BANK-05,an-3,2026-08-09T07:15:26.126936,2026-08-10T17:15:26.126936,genuine
DEMO-BANK-05-A010223-E,DEMO-BANK-05-A010223,DEMO-BANK-05,an-5,2026-08-10T13:51:56.964826,2026-08-12T06:51:56.964826,genuine
DEMO-BANK-05-A010230-E,DEMO-BANK-05-A010230,DEMO-BANK-05,an-4,2026-09-22T20:04:29.615154,2026-09-23T11:04:29.615154,genuine
DEMO-BANK-05-A010237-E,DEMO-BANK-05-A010237,DEMO-BANK-05,an-3,2026-08-08T22:00:49.260435,2026-08-09T20:00:49.260435,genuine
DEMO-BANK-05-A010243-E,DEMO-BANK-05-A010243,DEMO-BANK-05,an-5,2026-09-19T19:28:36.516032,2026-09-21T17:28:36.516032,genuine
DEMO-BANK-05-A010248-E,DEMO-BANK-05-A010248,DEMO-BANK-05,an-4,2026-09-02T06:01:23.306574,2026-09-02T14:01:23.306574,genuine
DEMO-BANK-05-A010249-E,DEMO-BANK-05-A010249,DEMO-BANK-05,an-6,2026-08-15T01:06:42.591172,2026-08-16T21:06:42.591172,genuine
DEMO-BANK-05-A010257-E,DEMO-BANK-05-A010257,DEMO-BANK-05,an-5,2026-08-24T03:02:19.985469,2026-08-25T01:02:19.985469,genuine
DEMO-BANK-05-A010270-E,DEMO-BANK-05-A010270,DEMO-BANK-05,an-6,2026-09-23T07:11:03.408512,2026-09-23T17:11:03.408512,genuine
DEMO-BANK-05-A010273-E,DEMO-BANK-05-A010273,DEMO-BANK-05,an-4,2026-08-29T12:15:22.725823,2026-08-30T12:15:22.725823,genuine
DEMO-BANK-05-A010297-E,DEMO-BANK-05-A010297,DEMO-BANK-05,an-6,2026-08-15T01:04:42.833743,2026-08-16T18:04:42.833743,genuine
DEMO-BANK-05-A010301-E,DEMO-BANK-05-A010301,DEMO-BANK-05,an-5,2026-08-07T04:41:00.014899,2026-08-07T21:41:00.014899,genuine
DEMO-BANK-05-A010313-E,DEMO-BANK-05-A010313,DEMO-BANK-05,an-1,2026-08-23T20:19:12.193719,2026-08-25T13:19:12.193719,genuine
DEMO-BANK-05-A010319-E,DEMO-BANK-05-A010319,DEMO-BANK-05,an-1,2026-08-21T06:32:45.869989,2026-08-22T22:32:45.869989,genuine
DEMO-BANK-05-A010344-E,DEMO-BANK-05-A010344,DEMO-BANK-05,an-6,2026-09-15T06:00:05.425659,2026-09-16T03:00:05.425659,genuine
DEMO-BANK-05-A010345-E,DEMO-BANK-05-A010345,DEMO-BANK-05,an-3,2026-09-25T04:48:25.281448,2026-09-25T08:48:25.281448,genuine
DEMO-BANK-05-A010357-E,DEMO-BANK-05-A010357,DEMO-BANK-05,an-2,2026-08-02T00:53:25.531301,2026-08-03T14:53:25.531301,genuine
DEMO-BANK-05-A010363-E,DEMO-BANK-05-A010363,DEMO-BANK-05,an-5,2026-09-25T02:12:52.954072,2026-09-26T08:12:52.954072,genuine
DEMO-BANK-05-A010371-E,DEMO-BANK-05-A010371,DEMO-BANK-05,an-3,2026-09-25T00:49:19.142619,2026-09-26T20:49:19.142619,genuine
DEMO-BANK-05-A010383-E,DEMO-BANK-05-A010383,DEMO-BANK-05,an-4,2026-09-19T22:31:19.412255,2026-09-20T06:31:19.412255,genuine
DEMO-BANK-05-A010397-E,DEMO-BANK-05-A010397,DEMO-BANK-05,an-5,2026-09-23T15:54:09.480196,2026-09-23T22:54:09.480196,genuine
DEMO-BANK-05-A010402-E,DEMO-BANK-05-A010402,DEMO-BANK-05,an-4,2026-08-17T21:29:00.128240,2026-08-17T22:29:00.128240,genuine
DEMO-BANK-05-A010415-E,DEMO-BANK-05-A010415,DEMO-BANK-05,an-1,2026-08-10T02:13:48.262125,2026-08-11T16:13:48.262125,genuine
DEMO-BANK-05-A010440-E,DEMO-BANK-05-A010440,DEMO-BANK-05,an-1,2026-08-28T20:02:32.004231,2026-08-29T02:02:32.004231,genuine
DEMO-BANK-05-A010459-E,DEMO-BANK-05-A010459,DEMO-BANK-05,an-1,2026-09-03T11:48:36.228723,2026-09-05T09:48:36.228723,genuine
DEMO-BANK-05-A010461-E,DEMO-BANK-05-A010461,DEMO-BANK-05,an-4,2026-08-11T10:30:50.850423,2026-08-12T03:30:50.850423,genuine
DEMO-BANK-05-A010469-E,DEMO-BANK-05-A010469,DEMO-BANK-05,an-5,2026-08-06T14:39:42.362097,2026-08-08T00:39:42.362097,genuine
DEMO-BANK-05-A010470-E,DEMO-BANK-05-A010470,DEMO-BANK-05,an-5,2026-09-04T02:13:37.417450,2026-09-04T11:13:37.417450,genuine
DEMO-BANK-05-A010476-E,DEMO-BANK-05-A010476,DEMO-BANK-05,an-2,2026-09-29T04:01:46.003634,2026-10-01T02:01:46.003634,genuine
DEMO-BANK-05-A010480-E,DEMO-BANK-05-A010480,DEMO-BANK-05,an-2,2026-09-08T04:15:45.079854,2026-09-08T13:15:45.079854,genuine
DEMO-BANK-05-A010491-E,DEMO-BANK-05-A010491,DEMO-BANK-05,an-4,2026-08-17T00:39:03.522202,2026-08-17T15:39:03.522202,genuine
DEMO-BANK-05-A010498-E,DEMO-BANK-05-A010498,DEMO-BANK-05,an-2,2026-09-26T00:22:25.350864,2026-09-26T04:22:25.350864,genuine
DEMO-BANK-05-A010512-E,DEMO-BANK-05-A010512,DEMO-BANK-05,an-3,2026-08-02T03:03:39.169507,2026-08-03T04:03:39.169507,genuine
DEMO-BANK-05-A010518-E,DEMO-BANK-05-A010518,DEMO-BANK-05,an-3,2026-09-23T17:00:10.187262,2026-09-25T09:00:10.187262,genuine
DEMO-BANK-05-A010523-E,DEMO-BANK-05-A010523,DEMO-BANK-05,an-3,2026-08-06T06:30:02.392150,2026-08-08T01:30:02.392150,genuine
DEMO-BANK-05-A010524-E,DEMO-BANK-05-A010524,DEMO-BANK-05,an-2,2026-09-23T00:44:49.240154,2026-09-24T03:44:49.240154,genuine
DEMO-BANK-05-A010526-E,DEMO-BANK-05-A010526,DEMO-BANK-05,an-6,2026-09-09T18:16:09.443196,2026-09-10T19:16:09.443196,genuine
DEMO-BANK-05-A010532-E,DEMO-BANK-05-A010532,DEMO-BANK-05,an-3,2026-08-02T20:26:12.648910,2026-08-04T16:26:12.648910,genuine
DEMO-BANK-05-A010540-E,DEMO-BANK-05-A010540,DEMO-BANK-05,an-2,2026-09-09T01:48:21.832853,2026-09-09T13:48:21.832853,genuine
DEMO-BANK-05-A010544-E,DEMO-BANK-05-A010544,DEMO-BANK-05,an-6,2026-08-19T13:37:58.639314,2026-08-20T12:37:58.639314,genuine
DEMO-BANK-05-A010559-E,DEMO-BANK-05-A010559,DEMO-BANK-05,an-2,2026-09-19T11:34:04.380099,2026-09-20T01:34:04.380099,genuine
DEMO-BANK-05-A010581-E,DEMO-BANK-05-A010581,DEMO-BANK-05,an-3,2026-08-08T10:29:41.240702,2026-08-10T00:29:41.240702,genuine
DEMO-BANK-05-A010613-E,DEMO-BANK-05-A010613,DEMO-BANK-05,an-3,2026-08-22T17:09:04.281840,2026-08-24T08:09:04.281840,genuine
DEMO-BANK-05-A010626-E,DEMO-BANK-05-A010626,DEMO-BANK-05,an-4,2026-08-30T22:58:58.114374,2026-08-31T00:58:58.114374,genuine
DEMO-BANK-05-A010627-E,DEMO-BANK-05-A010627,DEMO-BANK-05,an-1,2026-08-21T07:12:51.414217,2026-08-23T01:12:51.414217,genuine
DEMO-BANK-05-A010630-E,DEMO-BANK-05-A010630,DEMO-BANK-05,an-4,2026-08-13T12:04:23.529248,2026-08-13T22:04:23.529248,genuine
DEMO-BANK-05-A010663-E,DEMO-BANK-05-A010663,DEMO-BANK-05,an-1,2026-09-10T16:45:46.195014,2026-09-11T20:45:46.195014,genuine
DEMO-BANK-05-A010686-E,DEMO-BANK-05-A010686,DEMO-BANK-05,an-6,2026-09-07T08:00:06.097569,2026-09-07T20:00:06.097569,genuine
DEMO-BANK-05-A010691-E,DEMO-BANK-05-A010691,DEMO-BANK-05,an-6,2026-08-03T00:29:39.214043,2026-08-04T23:29:39.214043,genuine
DEMO-BANK-05-A010692-E,DEMO-BANK-05-A010692,DEMO-BANK-05,an-4,2026-09-28T05:18:59.992077,2026-09-29T07:18:59.992077,genuine
DEMO-BANK-05-A010724-E,DEMO-BANK-05-A010724,DEMO-BANK-05,an-3,2026-09-23T18:55:02.010282,2026-09-23T23:55:02.010282,genuine
DEMO-BANK-05-A010729-E,DEMO-BANK-05-A010729,DEMO-BANK-05,an-6,2026-08-03T07:41:42.006977,2026-08-04T02:41:42.006977,genuine
DEMO-BANK-05-A010764-E,DEMO-BANK-05-A010764,DEMO-BANK-05,an-6,2026-08-27T23:47:33.047879,2026-08-28T23:47:33.047879,genuine
DEMO-BANK-05-A010789-E,DEMO-BANK-05-A010789,DEMO-BANK-05,an-3,2026-08-01T20:52:56.913779,2026-08-03T13:52:56.913779,genuine
DEMO-BANK-05-A010799-E,DEMO-BANK-05-A010799,DEMO-BANK-05,an-4,2026-09-16T21:06:17.575997,2026-09-17T09:06:17.575997,genuine
DEMO-BANK-05-A010803-E,DEMO-BANK-05-A010803,DEMO-BANK-05,an-6,2026-08-06T16:39:47.108361,2026-08-08T15:39:47.108361,genuine
DEMO-BANK-05-A010820-E,DEMO-BANK-05-A010820,DEMO-BANK-05,an-3,2026-08-07T16:05:38.912126,2026-08-08T11:05:38.912126,genuine
DEMO-BANK-05-A010835-E,DEMO-BANK-05-A010835,DEMO-BANK-05,an-5,2026-08-08T06:28:38.328965,2026-08-09T07:28:38.328965,genuine
DEMO-BANK-05-A010885-E,DEMO-BANK-05-A010885,DEMO-BANK-05,an-5,2026-09-07T22:10:58.063433,2026-09-09T14:10:58.063433,genuine
DEMO-BANK-05-A010893-E,DEMO-BANK-05-A010893,DEMO-BANK-05,an-1,2026-08-24T20:01:03.039958,2026-08-26T17:01:03.039958,genuine
DEMO-BANK-05-A010895-E,DEMO-BANK-05-A010895,DEMO-BANK-05,an-1,2026-09-14T03:08:14.763006,2026-09-15T04:08:14.763006,genuine
DEMO-BANK-05-A010901-E,DEMO-BANK-05-A010901,DEMO-BANK-05,an-5,2026-09-20T11:15:53.301714,2026-09-21T15:15:53.301714,genuine
DEMO-BANK-05-A010902-E,DEMO-BANK-05-A010902,DEMO-BANK-05,an-2,2026-09-18T06:17:34.497691,2026-09-18T23:17:34.497691,genuine
DEMO-BANK-05-A010912-E,DEMO-BANK-05-A010912,DEMO-BANK-05,an-6,2026-08-29T00:00:32.925254,2026-08-30T07:00:32.925254,genuine
DEMO-BANK-05-A010977-E,DEMO-BANK-05-A010977,DEMO-BANK-05,an-2,2026-09-14T09:52:24.218999,2026-09-15T07:52:24.218999,genuine
DEMO-BANK-05-A010981-E,DEMO-BANK-05-A010981,DEMO-BANK-05,an-4,2026-08-03T20:21:36.714632,2026-08-04T03:21:36.714632,genuine
DEMO-BANK-05-A010995-E,DEMO-BANK-05-A010995,DEMO-BANK-05,an-4,2026-09-25T10:54:15.421489,2026-09-26T19:54:15.421489,genuine
DEMO-BANK-05-A010998-E,DEMO-BANK-05-A010998,DEMO-BANK-05,an-5,2026-08-21T14:25:16.627658,2026-08-22T02:25:16.627658,genuine
DEMO-BANK-05-A011014-E,DEMO-BANK-05-A011014,DEMO-BANK-05,an-6,2026-09-03T22:31:59.211670,2026-09-04T22:31:59.211670,genuine
DEMO-BANK-05-A011020-E,DEMO-BANK-05-A011020,DEMO-BANK-05,an-3,2026-08-29T03:30:37.181487,2026-08-29T10:30:37.181487,genuine
DEMO-BANK-05-A011038-E,DEMO-BANK-05-A011038,DEMO-BANK-05,an-4,2026-08-04T14:55:33.548492,2026-08-05T11:55:33.548492,genuine
DEMO-BANK-05-A011040-E,DEMO-BANK-05-A011040,DEMO-BANK-05,an-3,2026-09-04T12:21:55.078296,2026-09-05T17:21:55.078296,genuine
DEMO-BANK-05-A011042-E,DEMO-BANK-05-A011042,DEMO-BANK-05,an-2,2026-09-18T08:57:18.317838,2026-09-18T19:57:18.317838,genuine
DEMO-BANK-05-A011062-E,DEMO-BANK-05-A011062,DEMO-BANK-05,an-5,2026-09-18T07:23:54.045848,2026-09-19T08:23:54.045848,genuine
DEMO-BANK-05-A011064-E,DEMO-BANK-05-A011064,DEMO-BANK-05,an-5,2026-08-23T12:45:31.901980,2026-08-24T13:45:31.901980,genuine
DEMO-BANK-05-A011087-E,DEMO-BANK-05-A011087,DEMO-BANK-05,an-4,2026-08-14T05:37:33.134040,2026-08-15T10:37:33.134040,genuine
DEMO-BANK-05-A011095-E,DEMO-BANK-05-A011095,DEMO-BANK-05,an-3,2026-08-02T17:17:52.359675,2026-08-04T11:17:52.359675,genuine
DEMO-BANK-05-A011096-E,DEMO-BANK-05-A011096,DEMO-BANK-05,an-6,2026-09-15T18:44:58.344035,2026-09-17T03:44:58.344035,genuine
DEMO-BANK-05-A011104-E,DEMO-BANK-05-A011104,DEMO-BANK-05,an-2,2026-09-02T20:41:18.020432,2026-09-02T21:41:18.020432,genuine
DEMO-BANK-05-A011106-E,DEMO-BANK-05-A011106,DEMO-BANK-05,an-1,2026-08-22T22:07:34.629156,2026-08-23T04:07:34.629156,genuine
DEMO-BANK-05-A011120-E,DEMO-BANK-05-A011120,DEMO-BANK-05,an-2,2026-09-17T17:25:12.646459,2026-09-19T11:25:12.646459,genuine
DEMO-BANK-05-A011122-E,DEMO-BANK-05-A011122,DEMO-BANK-05,an-6,2026-08-29T06:31:30.139135,2026-08-30T01:31:30.139135,genuine
DEMO-BANK-05-A011164-E,DEMO-BANK-05-A011164,DEMO-BANK-05,an-1,2026-09-07T12:52:28.656080,2026-09-08T20:52:28.656080,genuine
DEMO-BANK-05-A011174-E,DEMO-BANK-05-A011174,DEMO-BANK-05,an-1,2026-08-25T13:09:24.548460,2026-08-27T09:09:24.548460,genuine
DEMO-BANK-05-A011178-E,DEMO-BANK-05-A011178,DEMO-BANK-05,an-6,2026-08-10T08:31:32.505350,2026-08-11T15:31:32.505350,genuine
DEMO-BANK-05-A011181-E,DEMO-BANK-05-A011181,DEMO-BANK-05,an-6,2026-09-24T07:02:13.918653,2026-09-24T22:02:13.918653,genuine
DEMO-BANK-05-A011201-E,DEMO-BANK-05-A011201,DEMO-BANK-05,an-3,2026-08-24T15:45:56.350073,2026-08-26T11:45:56.350073,genuine
DEMO-BANK-05-A011226-E,DEMO-BANK-05-A011226,DEMO-BANK-05,an-2,2026-09-23T21:58:56.753563,2026-09-25T11:58:56.753563,genuine
DEMO-BANK-05-A011239-E,DEMO-BANK-05-A011239,DEMO-BANK-05,an-6,2026-08-19T14:56:16.113700,2026-08-19T22:56:16.113700,genuine
DEMO-BANK-05-A011245-E,DEMO-BANK-05-A011245,DEMO-BANK-05,an-5,2026-09-17T09:16:53.024712,2026-09-18T21:16:53.024712,genuine
DEMO-BANK-05-A011264-E,DEMO-BANK-05-A011264,DEMO-BANK-05,an-2,2026-09-15T04:05:07.745449,2026-09-16T01:05:07.745449,genuine
DEMO-BANK-05-A011272-E,DEMO-BANK-05-A011272,DEMO-BANK-05,an-5,2026-08-01T03:29:25.564589,2026-08-01T16:29:25.564589,genuine
DEMO-BANK-05-A011295-E,DEMO-BANK-05-A011295,DEMO-BANK-05,an-6,2026-08-08T22:23:04.093963,2026-08-10T11:23:04.093963,genuine
DEMO-BANK-05-A011299-E,DEMO-BANK-05-A011299,DEMO-BANK-05,an-1,2026-09-01T18:22:50.323677,2026-09-01T21:22:50.323677,genuine
DEMO-BANK-05-A011310-E,DEMO-BANK-05-A011310,DEMO-BANK-05,an-1,2026-08-20T07:46:40.834614,2026-08-22T02:46:40.834614,genuine
DEMO-BANK-05-A011322-E,DEMO-BANK-05-A011322,DEMO-BANK-05,an-6,2026-09-09T13:08:46.057575,2026-09-10T11:08:46.057575,genuine
DEMO-BANK-05-A011342-E,DEMO-BANK-05-A011342,DEMO-BANK-05,an-4,2026-08-30T20:51:09.967860,2026-09-01T09:51:09.967860,genuine
DEMO-BANK-05-A011347-E,DEMO-BANK-05-A011347,DEMO-BANK-05,an-4,2026-09-28T10:38:47.964538,2026-09-29T20:38:47.964538,genuine
DEMO-BANK-05-A011351-E,DEMO-BANK-05-A011351,DEMO-BANK-05,an-6,2026-09-27T00:40:14.860742,2026-09-28T12:40:14.860742,genuine
DEMO-BANK-05-A011361-E,DEMO-BANK-05-A011361,DEMO-BANK-05,an-6,2026-08-21T21:31:37.212636,2026-08-22T07:31:37.212636,genuine
DEMO-BANK-05-A011384-E,DEMO-BANK-05-A011384,DEMO-BANK-05,an-5,2026-08-24T20:14:25.369051,2026-08-25T10:14:25.369051,genuine
DEMO-BANK-05-A011387-E,DEMO-BANK-05-A011387,DEMO-BANK-05,an-2,2026-09-08T01:16:41.195376,2026-09-08T13:16:41.195376,genuine
DEMO-BANK-05-A011406-E,DEMO-BANK-05-A011406,DEMO-BANK-05,an-4,2026-08-29T21:38:51.274240,2026-08-30T07:38:51.274240,genuine
DEMO-BANK-05-A011428-E,DEMO-BANK-05-A011428,DEMO-BANK-05,an-1,2026-08-14T14:11:38.128875,2026-08-15T03:11:38.128875,genuine
DEMO-BANK-05-A011430-E,DEMO-BANK-05-A011430,DEMO-BANK-05,an-4,2026-09-07T15:14:50.366015,2026-09-08T00:14:50.366015,genuine
DEMO-BANK-05-A011448-E,DEMO-BANK-05-A011448,DEMO-BANK-05,an-1,2026-08-24T01:09:12.551610,2026-08-24T10:09:12.551610,genuine
DEMO-BANK-05-A011460-E,DEMO-BANK-05-A011460,DEMO-BANK-05,an-3,2026-09-03T07:13:49.479529,2026-09-03T20:13:49.479529,genuine
DEMO-BANK-05-A011466-E,DEMO-BANK-05-A011466,DEMO-BANK-05,an-4,2026-09-09T20:42:33.358375,2026-09-09T22:42:33.358375,genuine
DEMO-BANK-05-A011485-E,DEMO-BANK-05-A011485,DEMO-BANK-05,an-2,2026-08-09T13:20:25.346745,2026-08-11T12:20:25.346745,genuine
DEMO-BANK-05-A011488-E,DEMO-BANK-05-A011488,DEMO-BANK-05,an-6,2026-09-26T03:42:44.216568,2026-09-27T07:42:44.216568,genuine
DEMO-BANK-05-A011491-E,DEMO-BANK-05-A011491,DEMO-BANK-05,an-6,2026-09-12T23:01:43.895787,2026-09-13T01:01:43.895787,genuine
DEMO-BANK-05-A011495-E,DEMO-BANK-05-A011495,DEMO-BANK-05,an-6,2026-08-14T20:05:09.976653,2026-08-15T13:05:09.976653,genuine
DEMO-BANK-05-A011497-E,DEMO-BANK-05-A011497,DEMO-BANK-05,an-6,2026-08-30T01:30:55.112656,2026-08-31T11:30:55.112656,genuine
DEMO-BANK-05-A011508-E,DEMO-BANK-05-A011508,DEMO-BANK-05,an-6,2026-08-08T00:40:45.164934,2026-08-08T03:40:45.164934,genuine
DEMO-BANK-05-A011511-E,DEMO-BANK-05-A011511,DEMO-BANK-05,an-4,2026-09-26T02:57:49.136501,2026-09-27T02:57:49.136501,genuine
DEMO-BANK-05-A011524-E,DEMO-BANK-05-A011524,DEMO-BANK-05,an-5,2026-09-01T17:15:17.472040,2026-09-02T03:15:17.472040,genuine
DEMO-BANK-05-A011531-E,DEMO-BANK-05-A011531,DEMO-BANK-05,an-1,2026-08-17T04:06:10.265454,2026-08-18T07:06:10.265454,genuine
DEMO-BANK-05-A011536-E,DEMO-BANK-05-A011536,DEMO-BANK-05,an-5,2026-09-25T01:17:39.149726,2026-09-25T04:17:39.149726,genuine
DEMO-BANK-05-A011548-E,DEMO-BANK-05-A011548,DEMO-BANK-05,an-2,2026-08-14T23:08:53.481896,2026-08-15T15:08:53.481896,genuine
DEMO-BANK-05-A011554-E,DEMO-BANK-05-A011554,DEMO-BANK-05,an-5,2026-08-04T03:01:28.573996,2026-08-04T19:01:28.573996,genuine
DEMO-BANK-05-A011584-E,DEMO-BANK-05-A011584,DEMO-BANK-05,an-4,2026-08-19T07:03:04.393371,2026-08-19T18:03:04.393371,genuine
DEMO-BANK-05-A011591-E,DEMO-BANK-05-A011591,DEMO-BANK-05,an-2,2026-09-26T17:05:37.515220,2026-09-28T03:05:37.515220,genuine
DEMO-BANK-05-A011597-E,DEMO-BANK-05-A011597,DEMO-BANK-05,an-2,2026-08-20T05:39:53.866824,2026-08-21T02:39:53.866824,genuine
DEMO-BANK-05-A011603-E,DEMO-BANK-05-A011603,DEMO-BANK-05,an-6,2026-09-10T16:08:09.998241,2026-09-11T19:08:09.998241,genuine
DEMO-BANK-05-A011611-E,DEMO-BANK-05-A011611,DEMO-BANK-05,an-3,2026-08-30T08:04:37.454005,2026-09-01T00:04:37.454005,genuine
DEMO-BANK-05-A011612-E,DEMO-BANK-05-A011612,DEMO-BANK-05,an-3,2026-08-20T19:12:38.478991,2026-08-21T08:12:38.478991,genuine
DEMO-BANK-05-A011613-E,DEMO-BANK-05-A011613,DEMO-BANK-05,an-4,2026-09-27T23:11:33.890211,2026-09-29T07:11:33.890211,genuine
DEMO-BANK-05-A011637-E,DEMO-BANK-05-A011637,DEMO-BANK-05,an-6,2026-08-14T00:02:17.669991,2026-08-15T01:02:17.669991,genuine
DEMO-BANK-05-A011639-E,DEMO-BANK-05-A011639,DEMO-BANK-05,an-4,2026-08-11T15:02:50.774803,2026-08-12T18:02:50.774803,genuine
DEMO-BANK-05-A011645-E,DEMO-BANK-05-A011645,DEMO-BANK-05,an-6,2026-08-21T11:17:43.459489,2026-08-22T12:17:43.459489,genuine
DEMO-BANK-05-A011667-E,DEMO-BANK-05-A011667,DEMO-BANK-05,an-4,2026-09-19T06:36:57.817655,2026-09-19T12:36:57.817655,genuine
DEMO-BANK-05-A011672-E,DEMO-BANK-05-A011672,DEMO-BANK-05,an-2,2026-09-15T18:34:12.034238,2026-09-16T20:34:12.034238,genuine
DEMO-BANK-05-A011673-E,DEMO-BANK-05-A011673,DEMO-BANK-05,an-2,2026-08-27T05:40:27.121720,2026-08-28T06:40:27.121720,genuine
DEMO-BANK-05-A011687-E,DEMO-BANK-05-A011687,DEMO-BANK-05,an-2,2026-08-31T00:56:52.200879,2026-08-31T22:56:52.200879,genuine
DEMO-BANK-05-A011696-E,DEMO-BANK-05-A011696,DEMO-BANK-05,an-5,2026-08-10T22:25:13.949434,2026-08-12T16:25:13.949434,genuine
DEMO-BANK-05-A011701-E,DEMO-BANK-05-A011701,DEMO-BANK-05,an-5,2026-09-08T09:54:31.377504,2026-09-09T12:54:31.377504,genuine
DEMO-BANK-05-A011715-E,DEMO-BANK-05-A011715,DEMO-BANK-05,an-6,2026-08-19T15:13:07.133550,2026-08-20T01:13:07.133550,genuine
DEMO-BANK-05-A011717-E,DEMO-BANK-05-A011717,DEMO-BANK-05,an-2,2026-09-16T03:48:40.453288,2026-09-16T12:48:40.453288,genuine
DEMO-BANK-05-A011735-E,DEMO-BANK-05-A011735,DEMO-BANK-05,an-1,2026-08-01T09:06:55.975086,2026-08-03T07:06:55.975086,genuine
DEMO-BANK-05-A011744-E,DEMO-BANK-05-A011744,DEMO-BANK-05,an-2,2026-08-15T10:58:08.910877,2026-08-16T03:58:08.910877,genuine
DEMO-BANK-05-A011750-E,DEMO-BANK-05-A011750,DEMO-BANK-05,an-5,2026-08-27T03:17:09.824062,2026-08-29T00:17:09.824062,genuine
DEMO-BANK-05-A011751-E,DEMO-BANK-05-A011751,DEMO-BANK-05,an-2,2026-09-15T14:36:34.274504,2026-09-15T18:36:34.274504,genuine
DEMO-BANK-05-A011752-E,DEMO-BANK-05-A011752,DEMO-BANK-05,an-4,2026-08-13T11:49:53.532470,2026-08-15T09:49:53.532470,genuine
DEMO-BANK-05-A011758-E,DEMO-BANK-05-A011758,DEMO-BANK-05,an-1,2026-08-29T02:07:28.435754,2026-08-31T00:07:28.435754,genuine
DEMO-BANK-05-A011762-E,DEMO-BANK-05-A011762,DEMO-BANK-05,an-4,2026-08-29T07:45:32.508516,2026-08-30T04:45:32.508516,genuine
DEMO-BANK-05-A011765-E,DEMO-BANK-05-A011765,DEMO-BANK-05,an-5,2026-09-23T09:33:28.901477,2026-09-23T20:33:28.901477,genuine
DEMO-BANK-05-A011774-E,DEMO-BANK-05-A011774,DEMO-BANK-05,an-2,2026-08-22T00:20:27.537784,2026-08-22T19:20:27.537784,genuine
DEMO-BANK-05-A011827-E,DEMO-BANK-05-A011827,DEMO-BANK-05,an-5,2026-08-24T11:34:19.727217,2026-08-26T09:34:19.727217,genuine
DEMO-BANK-05-A011842-E,DEMO-BANK-05-A011842,DEMO-BANK-05,an-1,2026-09-14T22:50:04.492246,2026-09-15T18:50:04.492246,genuine
DEMO-BANK-05-A011866-E,DEMO-BANK-05-A011866,DEMO-BANK-05,an-3,2026-08-12T06:29:12.558226,2026-08-13T15:29:12.558226,genuine
DEMO-BANK-05-A011867-E,DEMO-BANK-05-A011867,DEMO-BANK-05,an-1,2026-08-08T20:24:30.572644,2026-08-10T06:24:30.572644,genuine
DEMO-BANK-05-A011887-E,DEMO-BANK-05-A011887,DEMO-BANK-05,an-1,2026-08-17T21:48:54.792154,2026-08-18T00:48:54.792154,genuine
DEMO-BANK-05-A011888-E,DEMO-BANK-05-A011888,DEMO-BANK-05,an-4,2026-08-10T05:57:02.715800,2026-08-11T03:57:02.715800,genuine
DEMO-BANK-05-A011920-E,DEMO-BANK-05-A011920,DEMO-BANK-05,an-6,2026-08-19T01:05:22.515132,2026-08-19T15:05:22.515132,genuine
DEMO-BANK-05-A011922-E,DEMO-BANK-05-A011922,DEMO-BANK-05,an-6,2026-08-07T01:21:46.934854,2026-08-08T03:21:46.934854,genuine
DEMO-BANK-05-A011936-E,DEMO-BANK-05-A011936,DEMO-BANK-05,an-2,2026-09-13T17:05:30.543888,2026-09-14T06:05:30.543888,genuine
DEMO-BANK-05-A011944-E,DEMO-BANK-05-A011944,DEMO-BANK-05,an-1,2026-08-12T20:51:45.594416,2026-08-13T19:51:45.594416,genuine
DEMO-BANK-05-A011961-E,DEMO-BANK-05-A011961,DEMO-BANK-05,an-2,2026-09-08T00:42:01.560484,2026-09-08T11:42:01.560484,genuine
DEMO-BANK-05-A011975-E,DEMO-BANK-05-A011975,DEMO-BANK-05,an-5,2026-09-26T21:59:08.305501,2026-09-28T00:59:08.305501,genuine
DEMO-BANK-05-A011993-E,DEMO-BANK-05-A011993,DEMO-BANK-05,an-3,2026-08-22T16:17:24.035262,2026-08-23T14:17:24.035262,genuine
DEMO-BANK-05-A011998-E,DEMO-BANK-05-A011998,DEMO-BANK-05,an-1,2026-09-13T05:55:58.553436,2026-09-14T18:55:58.553436,genuine
DEMO-BANK-05-A012005-E,DEMO-BANK-05-A012005,DEMO-BANK-05,an-3,2026-07-31T19:19:23.677932,2026-08-02T19:19:23.677932,genuine
DEMO-BANK-05-A012009-E,DEMO-BANK-05-A012009,DEMO-BANK-05,an-6,2026-08-09T09:12:00.408726,2026-08-09T17:12:00.408726,genuine
DEMO-BANK-05-A012016-E,DEMO-BANK-05-A012016,DEMO-BANK-05,an-1,2026-09-26T02:08:20.715652,2026-09-26T13:08:20.715652,genuine
DEMO-BANK-05-A012017-E,DEMO-BANK-05-A012017,DEMO-BANK-05,an-1,2026-09-11T09:52:05.718008,2026-09-13T04:52:05.718008,genuine
DEMO-BANK-05-A012036-E,DEMO-BANK-05-A012036,DEMO-BANK-05,an-3,2026-09-12T18:53:04.936308,2026-09-14T16:53:04.936308,genuine
DEMO-BANK-05-A012038-E,DEMO-BANK-05-A012038,DEMO-BANK-05,an-1,2026-09-24T01:43:52.577567,2026-09-24T07:43:52.577567,genuine
DEMO-BANK-05-A012058-E,DEMO-BANK-05-A012058,DEMO-BANK-05,an-4,2026-08-12T00:57:34.106231,2026-08-12T02:57:34.106231,genuine
DEMO-BANK-05-A012064-E,DEMO-BANK-05-A012064,DEMO-BANK-05,an-6,2026-08-26T02:17:57.855066,2026-08-27T19:17:57.855066,genuine
DEMO-BANK-05-A012065-E,DEMO-BANK-05-A012065,DEMO-BANK-05,an-1,2026-08-02T10:01:24.961650,2026-08-02T16:01:24.961650,genuine
DEMO-BANK-05-A012067-E,DEMO-BANK-05-A012067,DEMO-BANK-05,an-3,2026-08-10T10:15:43.717723,2026-08-11T18:15:43.717723,genuine
DEMO-BANK-05-A012081-E,DEMO-BANK-05-A012081,DEMO-BANK-05,an-1,2026-09-17T01:44:34.461714,2026-09-18T11:44:34.461714,genuine
DEMO-BANK-05-A012118-E,DEMO-BANK-05-A012118,DEMO-BANK-05,an-5,2026-08-08T05:11:57.720026,2026-08-08T16:11:57.720026,genuine
DEMO-BANK-05-A012125-E,DEMO-BANK-05-A012125,DEMO-BANK-05,an-5,2026-08-04T17:06:39.081729,2026-08-05T23:06:39.081729,genuine
DEMO-BANK-05-A012128-E,DEMO-BANK-05-A012128,DEMO-BANK-05,an-5,2026-09-12T20:39:12.948543,2026-09-13T23:39:12.948543,genuine
DEMO-BANK-05-A012151-E,DEMO-BANK-05-A012151,DEMO-BANK-05,an-5,2026-09-28T22:26:54.307238,2026-09-29T01:26:54.307238,genuine
DEMO-BANK-05-A012164-E,DEMO-BANK-05-A012164,DEMO-BANK-05,an-3,2026-08-23T15:40:57.710220,2026-08-23T19:40:57.710220,genuine
DEMO-BANK-05-A012171-E,DEMO-BANK-05-A012171,DEMO-BANK-05,an-6,2026-08-02T03:25:24.606326,2026-08-02T15:25:24.606326,genuine
DEMO-BANK-05-A012189-E,DEMO-BANK-05-A012189,DEMO-BANK-05,an-2,2026-08-15T00:44:07.080288,2026-08-16T20:44:07.080288,genuine
DEMO-BANK-05-A012190-E,DEMO-BANK-05-A012190,DEMO-BANK-05,an-3,2026-08-02T07:35:04.141914,2026-08-02T12:35:04.141914,genuine
DEMO-BANK-05-A012207-E,DEMO-BANK-05-A012207,DEMO-BANK-05,an-5,2026-08-05T15:07:58.401032,2026-08-07T09:07:58.401032,genuine
DEMO-BANK-05-A012264-E,DEMO-BANK-05-A012264,DEMO-BANK-05,an-5,2026-08-20T05:42:28.611919,2026-08-20T09:42:28.611919,genuine
DEMO-BANK-05-A012274-E,DEMO-BANK-05-A012274,DEMO-BANK-05,an-6,2026-09-27T02:52:54.947450,2026-09-27T20:52:54.947450,genuine
DEMO-BANK-05-A012276-E,DEMO-BANK-05-A012276,DEMO-BANK-05,an-5,2026-09-07T12:48:35.154705,2026-09-09T09:48:35.154705,genuine
DEMO-BANK-05-A012277-E,DEMO-BANK-05-A012277,DEMO-BANK-05,an-5,2026-08-17T23:49:22.635821,2026-08-18T13:49:22.635821,genuine
DEMO-BANK-06-A012283-E,DEMO-BANK-06-A012283,DEMO-BANK-06,an-6,2026-08-13T10:28:32.722101,2026-08-15T08:28:32.722101,genuine
DEMO-BANK-06-A012293-E,DEMO-BANK-06-A012293,DEMO-BANK-06,an-5,2026-09-13T09:53:56.728837,2026-09-15T09:53:56.728837,genuine
DEMO-BANK-06-A012301-E,DEMO-BANK-06-A012301,DEMO-BANK-06,an-3,2026-09-05T03:08:54.732750,2026-09-05T15:08:54.732750,genuine
DEMO-BANK-06-A012304-E,DEMO-BANK-06-A012304,DEMO-BANK-06,an-2,2026-08-14T17:48:25.679781,2026-08-15T03:48:25.679781,genuine
DEMO-BANK-06-A012326-E,DEMO-BANK-06-A012326,DEMO-BANK-06,an-4,2026-09-05T08:53:26.313063,2026-09-06T11:53:26.313063,genuine
DEMO-BANK-06-A012328-E,DEMO-BANK-06-A012328,DEMO-BANK-06,an-4,2026-08-21T21:22:16.389351,2026-08-22T23:22:16.389351,genuine
DEMO-BANK-06-A012358-E,DEMO-BANK-06-A012358,DEMO-BANK-06,an-2,2026-08-16T21:29:54.682125,2026-08-17T00:29:54.682125,genuine
DEMO-BANK-06-A012373-E,DEMO-BANK-06-A012373,DEMO-BANK-06,an-3,2026-09-27T07:20:01.987879,2026-09-29T06:20:01.987879,genuine
DEMO-BANK-06-A012388-E,DEMO-BANK-06-A012388,DEMO-BANK-06,an-1,2026-09-22T20:42:13.249149,2026-09-23T20:42:13.249149,genuine
DEMO-BANK-06-A012389-E,DEMO-BANK-06-A012389,DEMO-BANK-06,an-6,2026-08-16T15:50:16.602301,2026-08-17T06:50:16.602301,genuine
DEMO-BANK-06-A012390-E,DEMO-BANK-06-A012390,DEMO-BANK-06,an-2,2026-09-18T07:32:46.966423,2026-09-18T10:32:46.966423,genuine
DEMO-BANK-06-A012399-E,DEMO-BANK-06-A012399,DEMO-BANK-06,an-2,2026-08-02T13:11:35.590229,2026-08-04T06:11:35.590229,genuine
DEMO-BANK-06-A012405-E,DEMO-BANK-06-A012405,DEMO-BANK-06,an-5,2026-08-07T09:28:36.606875,2026-08-09T02:28:36.606875,genuine
DEMO-BANK-06-A012431-E,DEMO-BANK-06-A012431,DEMO-BANK-06,an-2,2026-08-27T04:51:10.801512,2026-08-27T07:51:10.801512,genuine
DEMO-BANK-06-A012434-E,DEMO-BANK-06-A012434,DEMO-BANK-06,an-5,2026-09-15T08:32:14.941622,2026-09-16T18:32:14.941622,genuine
DEMO-BANK-06-A012461-E,DEMO-BANK-06-A012461,DEMO-BANK-06,an-3,2026-08-25T04:35:19.299805,2026-08-25T21:35:19.299805,genuine
DEMO-BANK-06-A012470-E,DEMO-BANK-06-A012470,DEMO-BANK-06,an-4,2026-08-29T19:53:12.349332,2026-08-31T01:53:12.349332,genuine
DEMO-BANK-06-A012485-E,DEMO-BANK-06-A012485,DEMO-BANK-06,an-6,2026-08-19T00:40:13.514988,2026-08-20T00:40:13.514988,genuine
DEMO-BANK-06-A012506-E,DEMO-BANK-06-A012506,DEMO-BANK-06,an-3,2026-08-25T12:18:15.086495,2026-08-27T05:18:15.086495,genuine
DEMO-BANK-06-A012507-E,DEMO-BANK-06-A012507,DEMO-BANK-06,an-5,2026-08-05T03:09:14.711679,2026-08-06T21:09:14.711679,genuine
DEMO-BANK-06-A012517-E,DEMO-BANK-06-A012517,DEMO-BANK-06,an-1,2026-09-19T17:32:24.565989,2026-09-20T00:32:24.565989,genuine
DEMO-BANK-06-A012550-E,DEMO-BANK-06-A012550,DEMO-BANK-06,an-6,2026-09-12T20:33:48.935099,2026-09-14T18:33:48.935099,genuine
DEMO-BANK-06-A012565-E,DEMO-BANK-06-A012565,DEMO-BANK-06,an-1,2026-08-07T14:53:57.367509,2026-08-08T01:53:57.367509,genuine
DEMO-BANK-06-A012587-E,DEMO-BANK-06-A012587,DEMO-BANK-06,an-6,2026-09-17T20:03:04.232063,2026-09-19T18:03:04.232063,genuine
DEMO-BANK-06-A012617-E,DEMO-BANK-06-A012617,DEMO-BANK-06,an-1,2026-08-23T06:20:17.544364,2026-08-24T19:20:17.544364,genuine
DEMO-BANK-06-A012630-E,DEMO-BANK-06-A012630,DEMO-BANK-06,an-6,2026-09-26T11:58:31.322829,2026-09-26T14:58:31.322829,genuine
DEMO-BANK-06-A012646-E,DEMO-BANK-06-A012646,DEMO-BANK-06,an-1,2026-08-20T02:59:03.062763,2026-08-20T19:59:03.062763,genuine
DEMO-BANK-06-A012652-E,DEMO-BANK-06-A012652,DEMO-BANK-06,an-1,2026-08-15T02:25:03.152798,2026-08-15T06:25:03.152798,genuine
DEMO-BANK-06-A012669-E,DEMO-BANK-06-A012669,DEMO-BANK-06,an-4,2026-08-02T14:00:26.143901,2026-08-04T03:00:26.143901,genuine
DEMO-BANK-06-A012686-E,DEMO-BANK-06-A012686,DEMO-BANK-06,an-2,2026-08-24T19:41:26.547147,2026-08-25T22:41:26.547147,genuine
DEMO-BANK-06-A012688-E,DEMO-BANK-06-A012688,DEMO-BANK-06,an-5,2026-08-12T19:01:11.200321,2026-08-13T20:01:11.200321,genuine
DEMO-BANK-06-A012694-E,DEMO-BANK-06-A012694,DEMO-BANK-06,an-2,2026-08-10T11:20:12.996170,2026-08-11T04:20:12.996170,genuine
DEMO-BANK-06-A012709-E,DEMO-BANK-06-A012709,DEMO-BANK-06,an-4,2026-08-08T01:32:06.733207,2026-08-10T00:32:06.733207,genuine
DEMO-BANK-06-A012725-E,DEMO-BANK-06-A012725,DEMO-BANK-06,an-4,2026-08-27T01:36:52.716790,2026-08-28T20:36:52.716790,genuine
DEMO-BANK-06-A012748-E,DEMO-BANK-06-A012748,DEMO-BANK-06,an-1,2026-10-01T07:23:26.585872,2026-10-01T12:23:26.585872,genuine
DEMO-BANK-06-A012759-E,DEMO-BANK-06-A012759,DEMO-BANK-06,an-5,2026-08-09T14:51:00.482525,2026-08-10T13:51:00.482525,genuine
DEMO-BANK-06-A012768-E,DEMO-BANK-06-A012768,DEMO-BANK-06,an-5,2026-08-25T05:11:28.146694,2026-08-26T01:11:28.146694,genuine
DEMO-BANK-06-A012774-E,DEMO-BANK-06-A012774,DEMO-BANK-06,an-2,2026-09-14T06:54:00.930312,2026-09-14T16:54:00.930312,genuine
DEMO-BANK-06-A012784-E,DEMO-BANK-06-A012784,DEMO-BANK-06,an-1,2026-08-16T01:40:26.547377,2026-08-16T05:40:26.547377,genuine
DEMO-BANK-06-A012787-E,DEMO-BANK-06-A012787,DEMO-BANK-06,an-1,2026-09-10T23:54:37.126408,2026-09-12T01:54:37.126408,genuine
DEMO-BANK-06-A012790-E,DEMO-BANK-06-A012790,DEMO-BANK-06,an-4,2026-09-19T16:03:02.813669,2026-09-20T14:03:02.813669,genuine
DEMO-BANK-06-A012809-E,DEMO-BANK-06-A012809,DEMO-BANK-06,an-1,2026-09-05T13:42:45.599473,2026-09-06T02:42:45.599473,genuine
DEMO-BANK-06-A012821-E,DEMO-BANK-06-A012821,DEMO-BANK-06,an-3,2026-09-18T14:56:06.249204,2026-09-19T07:56:06.249204,genuine
DEMO-BANK-06-A012828-E,DEMO-BANK-06-A012828,DEMO-BANK-06,an-1,2026-09-17T09:01:35.678698,2026-09-18T21:01:35.678698,genuine
DEMO-BANK-06-A012832-E,DEMO-BANK-06-A012832,DEMO-BANK-06,an-3,2026-08-09T05:40:17.785317,2026-08-09T13:40:17.785317,genuine
DEMO-BANK-06-A012836-E,DEMO-BANK-06-A012836,DEMO-BANK-06,an-3,2026-09-01T12:23:25.792583,2026-09-02T09:23:25.792583,genuine
DEMO-BANK-06-A012842-E,DEMO-BANK-06-A012842,DEMO-BANK-06,an-5,2026-08-26T18:51:36.625509,2026-08-27T13:51:36.625509,genuine
DEMO-BANK-06-A012850-E,DEMO-BANK-06-A012850,DEMO-BANK-06,an-2,2026-09-21T04:17:31.194954,2026-09-22T10:17:31.194954,genuine
DEMO-BANK-06-A012851-E,DEMO-BANK-06-A012851,DEMO-BANK-06,an-1,2026-08-18T05:34:47.199796,2026-08-19T18:34:47.199796,genuine
DEMO-BANK-06-A012853-E,DEMO-BANK-06-A012853,DEMO-BANK-06,an-2,2026-09-01T05:51:46.668442,2026-09-02T04:51:46.668442,genuine
DEMO-BANK-06-A012881-E,DEMO-BANK-06-A012881,DEMO-BANK-06,an-6,2026-08-19T17:39:57.679115,2026-08-21T04:39:57.679115,genuine
DEMO-BANK-06-A012947-E,DEMO-BANK-06-A012947,DEMO-BANK-06,an-2,2026-09-06T06:53:29.293386,2026-09-08T01:53:29.293386,genuine
DEMO-BANK-06-A012952-E,DEMO-BANK-06-A012952,DEMO-BANK-06,an-4,2026-09-18T22:53:05.486030,2026-09-20T04:53:05.486030,genuine
DEMO-BANK-06-A012962-E,DEMO-BANK-06-A012962,DEMO-BANK-06,an-2,2026-09-15T21:12:43.443997,2026-09-17T07:12:43.443997,genuine
DEMO-BANK-06-A012974-E,DEMO-BANK-06-A012974,DEMO-BANK-06,an-3,2026-08-09T15:30:49.049299,2026-08-11T04:30:49.049299,genuine
DEMO-BANK-06-A012978-E,DEMO-BANK-06-A012978,DEMO-BANK-06,an-2,2026-09-19T03:51:05.541352,2026-09-19T06:51:05.541352,genuine
DEMO-BANK-06-A013016-E,DEMO-BANK-06-A013016,DEMO-BANK-06,an-6,2026-09-24T01:44:22.002167,2026-09-25T20:44:22.002167,genuine
DEMO-BANK-06-A013043-E,DEMO-BANK-06-A013043,DEMO-BANK-06,an-1,2026-09-24T21:44:00.674990,2026-09-25T11:44:00.674990,genuine
DEMO-BANK-06-A013066-E,DEMO-BANK-06-A013066,DEMO-BANK-06,an-4,2026-08-23T04:11:09.381280,2026-08-23T11:11:09.381280,genuine
DEMO-BANK-06-A013068-E,DEMO-BANK-06-A013068,DEMO-BANK-06,an-1,2026-09-25T23:39:16.039439,2026-09-26T03:39:16.039439,genuine
DEMO-BANK-06-A013077-E,DEMO-BANK-06-A013077,DEMO-BANK-06,an-2,2026-08-05T11:07:23.046883,2026-08-05T17:07:23.046883,genuine
DEMO-BANK-06-A013119-E,DEMO-BANK-06-A013119,DEMO-BANK-06,an-6,2026-09-21T19:26:41.384367,2026-09-23T04:26:41.384367,genuine
DEMO-BANK-06-A013125-E,DEMO-BANK-06-A013125,DEMO-BANK-06,an-2,2026-08-31T07:29:44.381671,2026-09-01T13:29:44.381671,genuine
DEMO-BANK-06-A013130-E,DEMO-BANK-06-A013130,DEMO-BANK-06,an-2,2026-08-05T12:51:54.111243,2026-08-05T23:51:54.111243,genuine
DEMO-BANK-06-A013140-E,DEMO-BANK-06-A013140,DEMO-BANK-06,an-6,2026-09-13T14:00:11.236571,2026-09-14T23:00:11.236571,genuine
DEMO-BANK-06-A013152-E,DEMO-BANK-06-A013152,DEMO-BANK-06,an-4,2026-08-22T08:39:55.614183,2026-08-22T11:39:55.614183,genuine
DEMO-BANK-06-A013183-E,DEMO-BANK-06-A013183,DEMO-BANK-06,an-6,2026-09-24T04:02:40.305034,2026-09-26T04:02:40.305034,genuine
DEMO-BANK-06-A013222-E,DEMO-BANK-06-A013222,DEMO-BANK-06,an-5,2026-08-29T03:19:55.774647,2026-08-29T05:19:55.774647,genuine
DEMO-BANK-06-A013247-E,DEMO-BANK-06-A013247,DEMO-BANK-06,an-4,2026-08-20T07:06:38.974181,2026-08-20T08:06:38.974181,genuine
DEMO-BANK-06-A013248-E,DEMO-BANK-06-A013248,DEMO-BANK-06,an-6,2026-09-27T09:56:01.105362,2026-09-29T06:56:01.105362,genuine
DEMO-BANK-06-A013253-E,DEMO-BANK-06-A013253,DEMO-BANK-06,an-4,2026-08-18T09:19:45.089404,2026-08-19T18:19:45.089404,genuine
DEMO-BANK-06-A013284-E,DEMO-BANK-06-A013284,DEMO-BANK-06,an-3,2026-08-17T23:08:18.020185,2026-08-18T06:08:18.020185,genuine
DEMO-BANK-06-A013305-E,DEMO-BANK-06-A013305,DEMO-BANK-06,an-5,2026-08-25T18:41:34.667140,2026-08-26T13:41:34.667140,genuine
DEMO-BANK-06-A013318-E,DEMO-BANK-06-A013318,DEMO-BANK-06,an-1,2026-07-31T18:56:16.217842,2026-08-02T08:56:16.217842,genuine
DEMO-BANK-06-A013325-E,DEMO-BANK-06-A013325,DEMO-BANK-06,an-5,2026-09-10T17:46:33.841688,2026-09-10T23:46:33.841688,genuine
DEMO-BANK-06-A013344-E,DEMO-BANK-06-A013344,DEMO-BANK-06,an-5,2026-08-23T09:58:29.419269,2026-08-24T20:58:29.419269,genuine
DEMO-BANK-06-A013357-E,DEMO-BANK-06-A013357,DEMO-BANK-06,an-6,2026-08-27T16:37:31.218384,2026-08-28T04:37:31.218384,genuine
DEMO-BANK-06-A013377-E,DEMO-BANK-06-A013377,DEMO-BANK-06,an-1,2026-08-19T03:48:56.973815,2026-08-19T12:48:56.973815,genuine
DEMO-BANK-06-A013381-E,DEMO-BANK-06-A013381,DEMO-BANK-06,an-4,2026-08-21T04:33:21.717985,2026-08-21T08:33:21.717985,genuine
DEMO-BANK-06-A013424-E,DEMO-BANK-06-A013424,DEMO-BANK-06,an-4,2026-08-01T06:20:15.786566,2026-08-02T22:20:15.786566,genuine
DEMO-BANK-06-A013427-E,DEMO-BANK-06-A013427,DEMO-BANK-06,an-1,2026-09-02T05:26:45.348455,2026-09-02T22:26:45.348455,genuine
DEMO-BANK-06-A013429-E,DEMO-BANK-06-A013429,DEMO-BANK-06,an-6,2026-09-03T06:06:09.811321,2026-09-04T04:06:09.811321,genuine
DEMO-BANK-06-A013440-E,DEMO-BANK-06-A013440,DEMO-BANK-06,an-1,2026-09-12T21:52:24.681323,2026-09-14T18:52:24.681323,genuine
DEMO-BANK-06-A013444-E,DEMO-BANK-06-A013444,DEMO-BANK-06,an-3,2026-08-26T12:21:48.987201,2026-08-26T20:21:48.987201,genuine
DEMO-BANK-06-A013492-E,DEMO-BANK-06-A013492,DEMO-BANK-06,an-2,2026-09-17T00:11:16.995593,2026-09-18T09:11:16.995593,genuine
DEMO-BANK-06-A013501-E,DEMO-BANK-06-A013501,DEMO-BANK-06,an-1,2026-08-23T21:53:54.408036,2026-08-25T15:53:54.408036,genuine
DEMO-BANK-06-A013580-E,DEMO-BANK-06-A013580,DEMO-BANK-06,an-4,2026-09-13T05:01:05.100098,2026-09-15T05:01:05.100098,genuine
DEMO-BANK-06-A013584-E,DEMO-BANK-06-A013584,DEMO-BANK-06,an-1,2026-09-10T13:36:11.566078,2026-09-11T23:36:11.566078,genuine
DEMO-BANK-06-A013590-E,DEMO-BANK-06-A013590,DEMO-BANK-06,an-6,2026-09-17T14:48:50.347630,2026-09-18T00:48:50.347630,genuine
DEMO-BANK-06-A013602-E,DEMO-BANK-06-A013602,DEMO-BANK-06,an-3,2026-08-27T10:02:50.885825,2026-08-28T06:02:50.885825,genuine
DEMO-BANK-06-A013608-E,DEMO-BANK-06-A013608,DEMO-BANK-06,an-6,2026-08-06T23:55:24.060599,2026-08-08T09:55:24.060599,genuine
DEMO-BANK-06-A013611-E,DEMO-BANK-06-A013611,DEMO-BANK-06,an-6,2026-09-06T00:25:39.987540,2026-09-07T23:25:39.987540,genuine
DEMO-BANK-06-A013638-E,DEMO-BANK-06-A013638,DEMO-BANK-06,an-1,2026-08-05T01:24:19.727987,2026-08-05T18:24:19.727987,genuine
DEMO-BANK-06-A013655-E,DEMO-BANK-06-A013655,DEMO-BANK-06,an-5,2026-09-17T09:01:56.992276,2026-09-17T13:01:56.992276,genuine
DEMO-BANK-06-A013733-E,DEMO-BANK-06-A013733,DEMO-BANK-06,an-3,2026-08-30T02:54:36.637267,2026-08-30T03:54:36.637267,genuine
DEMO-BANK-06-A013735-E,DEMO-BANK-06-A013735,DEMO-BANK-06,an-3,2026-08-16T13:11:07.715361,2026-08-18T00:11:07.715361,genuine
DEMO-BANK-06-A013767-E,DEMO-BANK-06-A013767,DEMO-BANK-06,an-6,2026-09-14T11:18:20.632369,2026-09-15T20:18:20.632369,genuine
DEMO-BANK-06-A013792-E,DEMO-BANK-06-A013792,DEMO-BANK-06,an-6,2026-09-08T12:26:53.230395,2026-09-09T10:26:53.230395,genuine
DEMO-BANK-06-A013831-E,DEMO-BANK-06-A013831,DEMO-BANK-06,an-4,2026-09-14T10:03:47.443685,2026-09-14T19:03:47.443685,genuine
DEMO-BANK-06-A013833-E,DEMO-BANK-06-A013833,DEMO-BANK-06,an-3,2026-09-11T17:04:43.155787,2026-09-12T17:04:43.155787,genuine
DEMO-BANK-06-A013834-E,DEMO-BANK-06-A013834,DEMO-BANK-06,an-4,2026-08-12T00:52:07.109409,2026-08-12T11:52:07.109409,genuine
DEMO-BANK-06-A013836-E,DEMO-BANK-06-A013836,DEMO-BANK-06,an-2,2026-08-30T07:25:38.270567,2026-08-31T05:25:38.270567,genuine
DEMO-BANK-06-A013840-E,DEMO-BANK-06-A013840,DEMO-BANK-06,an-3,2026-09-05T08:55:10.224789,2026-09-06T00:55:10.224789,genuine
DEMO-BANK-06-A013845-E,DEMO-BANK-06-A013845,DEMO-BANK-06,an-2,2026-08-18T05:12:30.459242,2026-08-18T19:12:30.459242,genuine
DEMO-BANK-06-A013852-E,DEMO-BANK-06-A013852,DEMO-BANK-06,an-5,2026-09-11T00:03:15.822991,2026-09-11T19:03:15.822991,genuine
DEMO-BANK-06-A013889-E,DEMO-BANK-06-A013889,DEMO-BANK-06,an-2,2026-08-27T17:44:55.964915,2026-08-28T17:44:55.964915,genuine
DEMO-BANK-06-A013890-E,DEMO-BANK-06-A013890,DEMO-BANK-06,an-2,2026-09-18T20:29:06.164286,2026-09-20T11:29:06.164286,genuine
DEMO-BANK-06-A013945-E,DEMO-BANK-06-A013945,DEMO-BANK-06,an-5,2026-08-07T06:20:19.978596,2026-08-07T14:20:19.978596,genuine
DEMO-BANK-06-A013948-E,DEMO-BANK-06-A013948,DEMO-BANK-06,an-1,2026-08-16T01:41:36.559188,2026-08-17T11:41:36.559188,genuine
DEMO-BANK-06-A013975-E,DEMO-BANK-06-A013975,DEMO-BANK-06,an-6,2026-08-16T22:09:02.438652,2026-08-17T01:09:02.438652,genuine
DEMO-BANK-06-A013985-E,DEMO-BANK-06-A013985,DEMO-BANK-06,an-1,2026-08-05T03:14:48.856381,2026-08-05T05:14:48.856381,genuine
DEMO-BANK-06-A014002-E,DEMO-BANK-06-A014002,DEMO-BANK-06,an-5,2026-08-09T17:42:00.573183,2026-08-10T12:42:00.573183,genuine
DEMO-BANK-06-A014034-E,DEMO-BANK-06-A014034,DEMO-BANK-06,an-4,2026-08-26T23:25:33.035616,2026-08-28T19:25:33.035616,genuine
DEMO-BANK-06-A014043-E,DEMO-BANK-06-A014043,DEMO-BANK-06,an-1,2026-09-04T19:07:54.121749,2026-09-06T14:07:54.121749,genuine
DEMO-BANK-06-A014051-E,DEMO-BANK-06-A014051,DEMO-BANK-06,an-6,2026-08-11T08:14:53.480932,2026-08-13T05:14:53.480932,genuine
DEMO-BANK-06-A014054-E,DEMO-BANK-06-A014054,DEMO-BANK-06,an-4,2026-09-24T19:39:02.742869,2026-09-25T05:39:02.742869,genuine
DEMO-BANK-06-A014083-E,DEMO-BANK-06-A014083,DEMO-BANK-06,an-5,2026-08-18T02:28:32.249873,2026-08-20T01:28:32.249873,genuine
DEMO-BANK-06-A014084-E,DEMO-BANK-06-A014084,DEMO-BANK-06,an-2,2026-09-07T21:33:08.918157,2026-09-09T14:33:08.918157,genuine
DEMO-BANK-06-A014199-E,DEMO-BANK-06-A014199,DEMO-BANK-06,an-4,2026-08-29T22:41:13.971108,2026-08-31T01:41:13.971108,genuine
DEMO-BANK-06-A014206-E,DEMO-BANK-06-A014206,DEMO-BANK-06,an-2,2026-08-31T22:18:06.928448,2026-09-02T07:18:06.928448,genuine
DEMO-BANK-06-A014224-E,DEMO-BANK-06-A014224,DEMO-BANK-06,an-2,2026-08-16T05:36:00.012300,2026-08-16T20:36:00.012300,genuine
DEMO-BANK-06-A014231-E,DEMO-BANK-06-A014231,DEMO-BANK-06,an-1,2026-09-28T05:46:02.600122,2026-09-28T11:46:02.600122,genuine
DEMO-BANK-06-A014239-E,DEMO-BANK-06-A014239,DEMO-BANK-06,an-3,2026-09-26T02:06:45.840379,2026-09-26T10:06:45.840379,genuine
DEMO-BANK-06-A014259-E,DEMO-BANK-06-A014259,DEMO-BANK-06,an-5,2026-08-18T02:19:27.251496,2026-08-20T01:19:27.251496,genuine
DEMO-BANK-06-A014272-E,DEMO-BANK-06-A014272,DEMO-BANK-06,an-5,2026-09-09T09:14:41.293443,2026-09-09T15:14:41.293443,genuine
DEMO-BANK-06-A014300-E,DEMO-BANK-06-A014300,DEMO-BANK-06,an-1,2026-08-20T14:07:46.925590,2026-08-20T22:07:46.925590,genuine
DEMO-BANK-06-A014326-E,DEMO-BANK-06-A014326,DEMO-BANK-06,an-3,2026-08-26T05:57:24.842669,2026-08-26T07:57:24.842669,genuine
DEMO-BANK-06-A014341-E,DEMO-BANK-06-A014341,DEMO-BANK-06,an-3,2026-09-24T15:49:42.013732,2026-09-26T12:49:42.013732,genuine
DEMO-BANK-06-A014355-E,DEMO-BANK-06-A014355,DEMO-BANK-06,an-6,2026-09-17T07:45:14.049469,2026-09-19T02:45:14.049469,genuine
DEMO-BANK-06-A014395-E,DEMO-BANK-06-A014395,DEMO-BANK-06,an-3,2026-09-16T15:54:23.838694,2026-09-16T20:54:23.838694,genuine
DEMO-BANK-06-A014420-E,DEMO-BANK-06-A014420,DEMO-BANK-06,an-6,2026-08-24T09:25:09.533946,2026-08-25T12:25:09.533946,genuine
DEMO-BANK-06-A014440-E,DEMO-BANK-06-A014440,DEMO-BANK-06,an-5,2026-09-07T22:53:13.381051,2026-09-09T01:53:13.381051,genuine
DEMO-BANK-06-A014443-E,DEMO-BANK-06-A014443,DEMO-BANK-06,an-5,2026-08-03T01:02:32.152188,2026-08-03T07:02:32.152188,genuine
DEMO-BANK-06-A014456-E,DEMO-BANK-06-A014456,DEMO-BANK-06,an-4,2026-09-05T22:33:00.296095,2026-09-06T00:33:00.296095,genuine
DEMO-BANK-06-A014459-E,DEMO-BANK-06-A014459,DEMO-BANK-06,an-1,2026-09-04T12:00:10.905514,2026-09-06T01:00:10.905514,genuine
DEMO-BANK-06-A014462-E,DEMO-BANK-06-A014462,DEMO-BANK-06,an-6,2026-09-17T03:43:11.163826,2026-09-18T16:43:11.163826,genuine
DEMO-BANK-06-A014485-E,DEMO-BANK-06-A014485,DEMO-BANK-06,an-5,2026-09-01T08:03:48.791917,2026-09-01T09:03:48.791917,genuine
DEMO-BANK-06-A014486-E,DEMO-BANK-06-A014486,DEMO-BANK-06,an-3,2026-08-10T10:20:53.914911,2026-08-10T15:20:53.914911,genuine
DEMO-BANK-06-A014504-E,DEMO-BANK-06-A014504,DEMO-BANK-06,an-4,2026-08-31T16:49:07.987228,2026-09-01T14:49:07.987228,genuine
DEMO-BANK-06-A014536-E,DEMO-BANK-06-A014536,DEMO-BANK-06,an-3,2026-09-16T04:00:24.886232,2026-09-16T16:00:24.886232,genuine
DEMO-BANK-06-A014554-E,DEMO-BANK-06-A014554,DEMO-BANK-06,an-2,2026-08-21T11:59:43.539293,2026-08-23T04:59:43.539293,genuine
DEMO-BANK-06-A014571-E,DEMO-BANK-06-A014571,DEMO-BANK-06,an-5,2026-09-12T04:55:53.957610,2026-09-13T19:55:53.957610,genuine
DEMO-BANK-06-A014597-E,DEMO-BANK-06-A014597,DEMO-BANK-06,an-4,2026-08-17T19:59:33.319923,2026-08-18T15:59:33.319923,genuine
DEMO-BANK-06-A014645-E,DEMO-BANK-06-A014645,DEMO-BANK-06,an-3,2026-08-26T18:39:34.153860,2026-08-27T13:39:34.153860,genuine
DEMO-BANK-06-A014694-E,DEMO-BANK-06-A014694,DEMO-BANK-06,an-1,2026-08-14T04:21:13.074929,2026-08-15T23:21:13.074929,genuine
DEMO-BANK-06-A014729-E,DEMO-BANK-06-A014729,DEMO-BANK-06,an-5,2026-09-08T10:49:38.160467,2026-09-10T10:49:38.160467,genuine
DEMO-BANK-06-A014733-E,DEMO-BANK-06-A014733,DEMO-BANK-06,an-3,2026-08-21T07:26:55.869584,2026-08-23T02:26:55.869584,genuine
DEMO-BANK-06-A014743-E,DEMO-BANK-06-A014743,DEMO-BANK-06,an-1,2026-09-09T01:04:00.497109,2026-09-09T12:04:00.497109,genuine
DEMO-BANK-06-A014756-E,DEMO-BANK-06-A014756,DEMO-BANK-06,an-2,2026-09-05T15:56:50.663513,2026-09-07T12:56:50.663513,genuine
DEMO-BANK-06-A014770-E,DEMO-BANK-06-A014770,DEMO-BANK-06,an-6,2026-08-10T07:54:48.330839,2026-08-11T11:54:48.330839,genuine
DEMO-BANK-06-A014774-E,DEMO-BANK-06-A014774,DEMO-BANK-06,an-4,2026-09-11T06:49:37.433035,2026-09-13T03:49:37.433035,genuine
DEMO-BANK-06-A014780-E,DEMO-BANK-06-A014780,DEMO-BANK-06,an-6,2026-08-30T18:39:56.595050,2026-09-01T15:39:56.595050,genuine
DEMO-BANK-06-A014782-E,DEMO-BANK-06-A014782,DEMO-BANK-06,an-2,2026-08-29T00:39:25.615718,2026-08-30T21:39:25.615718,genuine
